Date,Open,High,Low,Price,Adj Close,Volume
11/11/2014,78,78.300003,77.800003,78.050003,58.11499,9059448
12/11/2014,78.150002,78.650002,78.099998,78.5,58.450066,8185591
13/11/2014,78,78.300003,77.949997,78.199997,58.226685,10130213
14/11/2014,78,78.199997,77.800003,77.849998,57.966087,13560844
17/11/2014,77.949997,78.150002,77.349998,77.550003,57.742702,11463427
18/11/2014,77.5,77.949997,77.099998,77.199997,57.48209,10340772
19/11/2014,77.099998,77.300003,76.949997,77.050003,57.370407,10563819
20/11/2014,77,77.150002,76.800003,76.849998,57.221485,10774947
21/11/2014,76.400002,76.550003,76.199997,76.5,56.960888,17422983
24/11/2014,76.949997,77.25,76.949997,77.099998,57.407635,14555087
25/11/2014,76.949997,77.199997,76.849998,77.050003,57.370407,9696523
26/11/2014,77.199997,78.25,77.199997,77.949997,58.040539,14962265
27/11/2014,78,78,77.349998,77.550003,57.742702,10869128
28/11/2014,77.300003,77.349998,76.900002,77.050003,57.370407,12299007
1/12/2014,76.5,77,76,76.099998,56.663048,24745120
2/12/2014,76.099998,76.849998,76,76.400002,56.886433,13252445
3/12/2014,77,77.599998,76.5,76.550003,56.998127,13096670
4/12/2014,77,77.25,76.550003,77.150002,57.444874,13788878
5/12/2014,76.699997,77.349998,76.5,77.050003,57.370407,27691602
8/12/2014,77.550003,77.699997,77.300003,77.349998,57.593781,10371666
9/12/2014,76.800003,77.050003,76.5,76.599998,57.035351,12973929
10/12/2014,76.300003,76.5,76.050003,76.449997,56.923656,12647661
11/12/2014,75.900002,75.949997,75.550003,75.800003,56.439671,14278435
12/12/2014,75.199997,75.25,75.050003,75.150002,55.955688,20458410
15/12/2014,73.900002,74.199997,73.599998,74.099998,55.173878,21034540
16/12/2014,72.449997,72.699997,72.400002,72.599998,54.056999,37554960
17/12/2014,72.599998,73.099998,72.5,72.550003,54.019764,25643412
18/12/2014,72.5,72.75,71.949997,72.150002,53.721928,28050848
19/12/2014,72.75,73.5,72.599998,73.400002,54.652668,16883908
22/12/2014,73.5,74.199997,73.5,74.099998,55.173878,9622131
23/12/2014,74.099998,74.5,74.050003,74.25,55.285564,5670212
24/12/2014,74,74.400002,73.900002,74.25,55.285564,4339210
29/12/2014,74.349998,75.25,74.349998,74.949997,55.806789,11479640
30/12/2014,74.800003,74.800003,74,74.099998,55.173878,7654042
31/12/2014,74,74.050003,73.550003,74,55.099411,5298119
2/1/2015,73.599998,74.099998,73.5,74,55.099411,8614012
5/1/2015,73.150002,73.349998,72.800003,72.900002,54.280373,21629040
6/1/2015,71.800003,71.849998,71.349998,71.75,53.424103,35110417
7/1/2015,70.5,71.099998,70.449997,71,52.865658,35378291
8/1/2015,71.050003,71.400002,71,71.199997,53.01458,21320949
9/1/2015,71.300003,71.449997,71,71.099998,52.940113,22291858
12/1/2015,71,71.199997,70.650002,71.099998,52.940113,13748156
13/1/2015,71.099998,71.5,70.800003,71.300003,53.089031,14096443
14/1/2015,71.099998,71.099998,70.699997,70.849998,52.753967,17300306
15/1/2015,70.300003,70.699997,70.199997,70.599998,52.567818,22843530
16/1/2015,70.199997,70.400002,69.800003,70.199997,52.269989,27842543
19/1/2015,70,70.150002,69.75,69.949997,52.083851,25091671
20/1/2015,70.099998,70.5,69.900002,70.199997,52.269989,12456297
21/1/2015,70.099998,70.949997,70.099998,70.599998,52.567818,13764414
22/1/2015,70.900002,72.050003,70.650002,71.900002,53.535778,24935358
23/1/2015,72.800003,73.849998,72.699997,73.099998,54.429287,40728053
26/1/2015,72.449997,72.75,72.150002,72.599998,54.056999,22321051
27/1/2015,73.099998,73.400002,72.900002,73.300003,54.578205,17506032
28/1/2015,72.849998,73.300003,72.650002,73,54.354836,13587069
29/1/2015,72.5,72.599998,72.199997,72.300003,53.83363,16334586
30/1/2015,72.699997,72.800003,72.199997,72.449997,53.94532,11676459
2/2/2015,71.400002,71.449997,71.099998,71.25,53.051804,20395461
3/2/2015,71.400002,71.800003,71.25,71.5,53.237953,11399853
4/2/2015,72.300003,72.800003,72.199997,72.400002,53.908073,12576825
5/2/2015,72.199997,72.400002,71.650002,72.199997,53.759155,12310710
6/2/2015,72.400002,72.900002,72.300003,72.849998,54.243134,11090193
9/2/2015,73.050003,73.050003,72.650002,72.800003,54.205929,13886889
10/2/2015,71.900002,72,71.5,71.849998,53.498558,16366612
11/2/2015,71.050003,71.050003,70,70.25,52.307224,33534722
12/2/2015,70.199997,71,70.150002,70.800003,52.71674,16786855
13/2/2015,71.050003,71.900002,71.050003,71.75,53.424103,15473870
16/2/2015,71.900002,71.900002,71.599998,71.699997,53.386871,10475019
17/2/2015,72,72.199997,71.699997,72.050003,53.647469,16268284
18/2/2015,71.900002,72.050003,71.75,71.949997,53.573017,3865675
23/2/2015,72.150002,72.300003,71.5,72,53.610249,13168218
24/2/2015,69.25,69.650002,69.150002,69.449997,51.711555,48929887
25/2/2015,69.800003,70.300003,69.800003,70.050003,52.158302,22140326
26/2/2015,69.699997,70.150002,69.599998,69.900002,52.046608,20358377
27/2/2015,69.800003,70.050003,69.699997,69.800003,51.972164,20347699
2/3/2015,69.550003,69.800003,69.5,69.550003,51.786015,22019387
3/3/2015,69.699997,69.949997,69.550003,69.75,51.934925,16249506
4/3/2015,69.699997,70.050003,69.5,69.800003,51.972164,20309714
5/3/2015,68.099998,68.199997,67.699997,67.900002,51.70565,30181208
6/3/2015,67.5,67.849998,67.349998,67.800003,51.629513,39400636
9/3/2015,66.650002,66.849998,66.550003,66.599998,50.715714,33549723
10/3/2015,66.599998,67.099998,66.599998,67.099998,51.096458,27247918
11/3/2015,66.099998,66.199997,65.900002,65.949997,50.220726,33513753
12/3/2015,65.5,65.650002,65.300003,65.550003,49.916138,26294738
13/3/2015,65.199997,65.25,64.849998,65,49.497307,31886532
16/3/2015,64.5,64.699997,64.349998,64.650002,49.230789,17798925
17/3/2015,64.650002,65.400002,64.599998,65.050003,49.535385,17671914
18/3/2015,65.449997,66.25,65.400002,65.900002,50.182655,21689089
19/3/2015,66.599998,66.75,66.449997,66.599998,50.715714,17896739
20/3/2015,66.199997,66.599998,66.050003,66.449997,50.601482,13071829
23/3/2015,67.349998,67.949997,67.150002,67.349998,51.286816,21868511
24/3/2015,67.400002,67.449997,66.900002,67.099998,51.096458,13058788
25/3/2015,66.900002,67.400002,66.900002,67.349998,51.286816,17306629
26/3/2015,67,67.599998,67,67.349998,51.286816,10036699
27/3/2015,67.349998,67.550003,67.099998,67.349998,51.286816,9120820
30/3/2015,67.050003,67.349998,66.900002,66.949997,50.982231,19944196
31/3/2015,66.5,66.949997,66.5,66.650002,50.753784,14966791
1/4/2015,66,66.599998,66,66.550003,50.677643,15374884
2/4/2015,66.900002,67.300003,66.550003,67,51.020302,15083394
8/4/2015,67.699997,68.300003,67.5,68.25,51.972187,34696414
9/4/2015,67.699997,69.449997,67.300003,68.550003,52.20063,49534021
10/4/2015,69.400002,69.400002,68.599998,69.199997,52.695595,33054025
13/4/2015,69.199997,70.449997,69.199997,70.199997,53.457092,42884280
14/4/2015,70.5,71.699997,70.300003,70.650002,53.799774,45840246
15/4/2015,71.349998,71.400002,70.699997,70.800003,53.914001,29516919
16/4/2015,71.099998,71.199997,70.300003,70.400002,53.60939,24012898
17/4/2015,70.5,70.650002,69.900002,70.550003,53.723618,25698501
20/4/2015,70.400002,70.550003,69.800003,70.449997,53.647465,27550046
21/4/2015,70.849998,70.949997,70.25,70.849998,53.952065,18330349
22/4/2015,70.599998,70.849998,70.349998,70.449997,53.647465,20058561
23/4/2015,70.849998,71.050003,70.5,70.800003,53.914001,19511092
24/4/2015,71.099998,73.949997,70.949997,73.800003,56.198494,56226775
27/4/2015,76,78.25,76,76.449997,58.216446,146695474
28/4/2015,76.5,76.949997,76.099998,76.400002,58.178379,36961809
29/4/2015,76.550003,77.800003,76.25,77.449997,58.977951,37802281
30/4/2015,77.550003,77.800003,76.699997,76.949997,58.597202,30599257
4/5/2015,76.400002,76.5,75.349998,75.599998,57.569172,30752542
5/5/2015,75.949997,76.199997,74.699997,74.849998,56.998058,25859252
6/5/2015,74.150002,75.349998,74.050003,74.449997,56.693455,33206893
7/5/2015,74.550003,75.550003,74.349998,74.75,56.921906,25310481
8/5/2015,75.349998,77,75.050003,76.550003,58.292606,37785690
11/5/2015,76.800003,76.849998,75.699997,75.75,57.683392,20140103
12/5/2015,75.949997,76,75.099998,75.150002,57.226505,21971966
13/5/2015,75,75.349998,74.449997,74.75,56.921906,19136308
14/5/2015,74.5,74.900002,74.300003,74.800003,56.959988,13252457
15/5/2015,75.400002,76.300003,75.150002,75.650002,57.607262,24095075
18/5/2015,75.349998,75.449997,74.650002,75.150002,57.226505,15642551
19/5/2015,74.900002,75.25,74.599998,74.650002,56.845753,15339367
20/5/2015,74.400002,74.849998,74.199997,74.599998,56.807682,19179113
21/5/2015,74.300003,74.550003,73.800003,74.25,57.134926,12761958
22/5/2015,74.5,75.449997,74.400002,75.150002,57.82748,16997138
26/5/2015,75.400002,75.599998,74.400002,74.599998,57.404247,23927252
27/5/2015,73.900002,74.400002,73.650002,74.150002,57.057983,19289880
28/5/2015,74.449997,74.449997,73.300003,73.449997,56.519337,32882272
29/5/2015,73.849998,74.25,73.599998,74.150002,57.057983,28639294
1/6/2015,73.800003,74.599998,73.75,73.849998,56.827133,19400995
2/6/2015,73.25,73.800003,73.25,73.550003,56.596291,17394213
3/6/2015,74.199997,74.25,73.550003,73.900002,56.865627,17140957
4/6/2015,74,74.400002,72.849998,73.75,56.750179,26990743
5/6/2015,73.300003,74,72.849998,73.099998,56.250004,28472310
8/6/2015,73,73.650002,72.849998,73.550003,56.596291,17195726
9/6/2015,73.800003,75.300003,72.949997,73.25,56.365425,37789117
10/6/2015,73,73.25,72.599998,72.849998,56.057632,27469137
11/6/2015,73.400002,73.699997,73,73.150002,56.288494,14455090
12/6/2015,73.150002,73.550003,72.849998,73.25,56.365425,12222738
15/6/2015,73,73.400002,72.599998,72.599998,55.865265,9785118
16/6/2015,72.300003,72.699997,71.849998,71.949997,55.365097,13642102
17/6/2015,71.949997,72.400002,71.699997,71.900002,55.326626,11863096
18/6/2015,72,72.599998,71.949997,72.400002,55.711369,9348384
19/6/2015,72.349998,72.550003,71.949997,72.5,55.788319,12843177
22/6/2015,72.5,73.650002,72.199997,73.449997,56.519337,13808018
23/6/2015,73.449997,73.800003,73.199997,73.699997,56.71172,10968473
24/6/2015,73.5,73.699997,73,73.650002,56.673229,7704993
25/6/2015,73.099998,73.449997,72.949997,73.050003,56.211548,9080729
26/6/2015,72.800003,72.800003,71.75,71.949997,55.365097,20578260
29/6/2015,71,71,70,70.25,54.056957,36936523
30/6/2015,70,70.650002,69.650002,70.150002,53.979996,22365314
2/7/2015,69.5,69.75,69.300003,69.550003,53.518311,20612753
3/7/2015,70.150002,70.25,69.449997,69.550003,53.518311,13639646
6/7/2015,68.5,68.849998,67,67.900002,52.248638,42320641
7/7/2015,68.800003,69,68.300003,68.449997,52.67186,19813633
8/7/2015,67.599998,67.599998,65,65.75,50.594231,58213076
9/7/2015,66,67.900002,65.349998,67.75,52.133217,38403252
10/7/2015,67,68.449997,67,68.099998,52.402538,31349528
13/7/2015,67.050003,69.5,67,69.050003,53.133564,27983586
14/7/2015,68.099998,69,68,68.550003,52.748821,18993362
15/7/2015,69.400002,69.449997,68.699997,68.949997,53.056606,12937058
16/7/2015,69.199997,69.949997,68.949997,69.900002,53.787621,13656637
17/7/2015,70.050003,70.449997,70.050003,70.300003,54.095428,13499358
20/7/2015,70.099998,70.949997,70.099998,70.800003,54.480186,10681195
21/7/2015,70.400002,71,70.400002,70.849998,54.51865,6685259
22/7/2015,70.599998,70.849998,69.849998,70.150002,53.979996,8818045
23/7/2015,70,70.599998,69.900002,70.349998,54.133904,6759374
24/7/2015,69.800003,69.849998,69,69.150002,53.210518,10338028
27/7/2015,68.5,68.650002,67.599998,67.75,52.133217,17881549
28/7/2015,68.050003,69.599998,67.900002,68.849998,52.979656,20105291
29/7/2015,69.400002,69.800003,69.150002,69.550003,53.518311,9156248
30/7/2015,70,70.199997,69.400002,69.599998,53.556786,9708012
31/7/2015,69.599998,69.949997,69.349998,69.699997,53.633739,8526051
3/8/2015,69.800003,71.5,69.349998,71.050003,54.672558,27405629
4/8/2015,70.25,70.800003,69.800003,69.949997,53.826111,15014828
5/8/2015,70,71.300003,69.949997,71.25,54.826443,14589821
6/8/2015,71.449997,71.449997,70.949997,71.400002,54.94186,10234114
7/8/2015,70.550003,71.449997,70.550003,71.050003,54.672558,6854834
10/8/2015,70.800003,70.849998,69.599998,69.900002,53.787621,14511574
11/8/2015,70.25,70.900002,69.849998,70.099998,53.941532,14949761
12/8/2015,69.75,70,68.400002,68.650002,52.825764,21456207
13/8/2015,68.099998,68.599998,67.75,68.5,53.312176,14034652
14/8/2015,68.099998,68.449997,67.849998,68,52.923038,11361424
17/8/2015,67.800003,68.150002,67.599998,67.650002,52.650631,10843750
18/8/2015,67.599998,67.900002,67,67.099998,52.222576,13297378
19/8/2015,67.449997,67.5,66.349998,66.400002,51.67778,22261008
20/8/2015,66,66.150002,65.199997,65.349998,50.860588,27784494
21/8/2015,65,65.199997,64,64.900002,50.510361,32446985
24/8/2015,62.700001,62.849998,62,62.099998,48.331169,37979248
25/8/2015,60.099998,62.400002,60,61.700001,48.019871,51296109
26/8/2015,61.150002,61.75,60.5,60.599998,47.163754,26223499
27/8/2015,61.049999,61.900002,60.799999,61.450001,47.825298,29624118
28/8/2015,62.5,62.5,61.049999,61.150002,47.591816,26251957
31/8/2015,61.5,61.75,61.099998,61.299999,47.708557,16199722
1/9/2015,61.299999,61.599998,60.450001,60.5,47.08593,19830828
2/9/2015,59.900002,60.099998,59.299999,59.400002,46.22982,34347667
4/9/2015,59.400002,59.849998,59,59.400002,46.22982,24410196
7/9/2015,58.700001,59.099998,58.099998,58.200001,45.295891,28009616
8/9/2015,58.400002,60.450001,58.299999,60.099998,46.774616,22910847
9/9/2015,61,62.349998,60.599998,62.200001,48.409008,28265577
10/9/2015,60.75,61.5,60.599998,60.799999,47.319408,20911392
11/9/2015,60.849998,61,60,60.450001,47.047016,48652365
14/9/2015,60.849998,61.150002,60.5,60.75,47.280502,29734323
15/9/2015,60.150002,60.400002,60,60.099998,46.774616,16501746
16/9/2015,61.049999,61.5,60.700001,61.299999,47.708557,15209338
17/9/2015,61.700001,61.799999,60.849998,61.049999,47.513981,14075669
18/9/2015,60.5,60.849998,60.099998,60.25,46.891365,20401702
21/9/2015,59.5,60.099998,59.200001,59.900002,46.618961,22338441
22/9/2015,60,61.150002,59.900002,60.200001,46.852448,22279209
23/9/2015,58.900002,59.099998,58.549999,59,45.918507,49971348
24/9/2015,58.75,59.200001,58.599998,58.650002,45.646114,19337907
25/9/2015,58.349998,58.900002,58.25,58.75,45.723946,26997684
29/9/2015,57.950001,57.950001,56.799999,57.049999,44.40086,42012271
30/9/2015,57.599998,57.950001,57.5,57.650002,44.867836,20754133
2/10/2015,59.099998,59.650002,58.849998,59.349998,46.19091,23420397
5/10/2015,60.299999,60.700001,60.099998,60.650002,47.202671,24914750
6/10/2015,61.150002,61.400002,60.450001,60.599998,47.163754,13472959
7/10/2015,60.849998,62.150002,60.849998,62.049999,48.292252,31355489
8/10/2015,62.900002,62.900002,61.849998,62.299999,48.486835,24489389
9/10/2015,62.900002,63.200001,62.599998,62.650002,48.759232,28104921
12/10/2015,63.200001,63.299999,62.799999,63.25,49.226204,13549340
13/10/2015,63.200001,63.200001,62.200001,62.200001,48.409008,9079962
14/10/2015,61.25,61.700001,61.099998,61.650002,47.980953,16103493
15/10/2015,62.099998,62.650002,61.700001,62.200001,48.409008,17600259
16/10/2015,62.900002,62.900002,62.25,62.75,48.837059,13229646
19/10/2015,62.200001,62.700001,62.049999,62.549999,48.681404,10439704
20/10/2015,62.299999,62.400002,62.099998,62.299999,48.486835,11835076
22/10/2015,60.599998,60.799999,60.5,60.700001,47.836643,20421167
23/10/2015,61.200001,61.299999,60.849998,61.099998,48.151871,17326807
26/10/2015,61.700001,61.799999,61.200001,61.349998,48.3489,9930327
27/10/2015,61.5,61.549999,61.099998,61.299999,48.309498,8635251
28/10/2015,60.849998,61,60.799999,60.849998,47.954853,11712075
29/10/2015,61.299999,61.5,61,61.099998,48.151871,11594648
30/10/2015,60.950001,61.150002,60.799999,61,48.073078,10439246
2/11/2015,60.5,61.200001,60.200001,60.299999,47.521404,20381613
3/11/2015,60.549999,60.900002,60.400002,60.5,47.679031,12154269
4/11/2015,60.299999,61.450001,60.299999,60.799999,47.915451,24579917
5/11/2015,62,62.099998,61.650002,61.950001,48.821751,19249024
6/11/2015,61.200001,61.25,60.799999,60.900002,47.99427,15268907
9/11/2015,61.650002,62.400002,61.549999,61.849998,48.742939,23782932
10/11/2015,61.75,62.099998,61.5,61.900002,48.782345,19497541
11/11/2015,61.549999,61.799999,61.299999,61.799999,48.703541,11101727
12/11/2015,61.799999,62.599998,61.599998,62.599998,49.333996,20166968
13/11/2015,61.5,61.549999,61,61.049999,48.112473,20012332
16/11/2015,60.5,60.549999,60.200001,60.400002,47.60022,17728489
17/11/2015,60.700001,61.25,60.599998,60.950001,48.033661,10902420
18/11/2015,61.25,61.25,60.900002,61.099998,48.151871,8901346
19/11/2015,61.700001,62.099998,61.700001,62.049999,48.900547,16531911
20/11/2015,62.299999,63,62,62.950001,49.609833,18764358
23/11/2015,62.700001,62.900002,62.450001,62.599998,49.333996,11888753
24/11/2015,62.299999,62.599998,62.200001,62.400002,49.176392,9274630
25/11/2015,62.299999,62.299999,61.799999,61.950001,48.821751,11315750
26/11/2015,62.799999,63,62.200001,62.25,49.058186,12474742
27/11/2015,62.900002,62.900002,61.799999,62,48.861156,19235793
30/11/2015,61.799999,62.099998,61.700001,61.799999,48.703541,10677877
1/12/2015,62.049999,62.700001,61.900002,62.650002,49.373409,14287341
2/12/2015,63,63,62.75,62.849998,49.531021,12898096
3/12/2015,62.299999,62.650002,62.299999,62.549999,49.294601,9701749
4/12/2015,61.799999,61.900002,61.349998,61.5,48.467113,19653617
7/12/2015,61.900002,62,61.599998,61.700001,48.624733,11121155
8/12/2015,61.349998,61.349998,60.599998,60.849998,47.954853,20908299
9/12/2015,59.799999,60.400002,59.75,60.25,47.482014,23305138
10/12/2015,60.099998,60.849998,60,60.349998,47.560818,16939684
11/12/2015,60.349998,60.400002,60,60.049999,47.324387,12971676
14/12/2015,59,59.650002,58.900002,59.450001,46.851543,24080939
15/12/2015,58.799999,59.099998,58.799999,58.900002,46.418098,25256347
16/12/2015,59.650002,60.450001,59.599998,60.099998,47.363796,17376295
17/12/2015,61,61.849998,61,61.799999,48.703541,25119145
18/12/2015,61.200001,61.950001,61.099998,61.5,48.467113,13396655
21/12/2015,61,61.25,60.900002,61.099998,48.151871,6654609
22/12/2015,61.400002,61.400002,61,61.099998,48.151871,3485696
23/12/2015,61,61.799999,61,61.549999,48.506512,8562726
24/12/2015,62.099998,62.25,62.099998,62.150002,48.97937,7206575
28/12/2015,62.25,62.25,61.650002,61.75,48.664139,5975189
29/12/2015,61.599998,62.349998,61.599998,62.299999,49.09758,6279587
30/12/2015,62.450001,62.450001,62.049999,62.150002,48.97937,6453671
31/12/2015,61.900002,61.950001,61.700001,61.900002,48.782345,4236641
4/1/2016,61.599998,61.599998,60.150002,60.400002,47.60022,20504265
5/1/2016,59.950001,60.25,59.700001,59.900002,47.206181,14738714
6/1/2016,59.299999,59.5,59.049999,59.25,46.693924,20291156
7/1/2016,57.950001,58,57.25,57.299999,45.157154,57109124
8/1/2016,57,57.849998,56.849998,57.400002,45.235977,40618816
11/1/2016,56.200001,56.650002,56.099998,56.349998,44.408489,37473545
12/1/2016,57,57.200001,56.400002,56.5,44.526695,23333645
13/1/2016,57,57.599998,56.900002,57.049999,44.96014,21913006
14/1/2016,55.900002,56.450001,55.799999,56.299999,44.36908,33654823
15/1/2016,56.299999,56.5,56,56.099998,44.211456,23892235
18/1/2016,54.349998,54.650002,54.200001,54.349998,42.832321,46715135
19/1/2016,53.799999,54.549999,53.700001,54.450001,42.911133,35093407
20/1/2016,53.650002,54.099998,53.099998,53.150002,41.886612,36412124
21/1/2016,53.099998,53.200001,51.75,51.900002,40.901512,49722566
22/1/2016,52.700001,53.099998,52.049999,52.849998,41.650196,30081814
25/1/2016,53.700001,54.200001,53.5,53.599998,42.241261,23811323
26/1/2016,52.5,52.5,51.700001,51.799999,40.822704,28526653
27/1/2016,52.950001,53.299999,52.700001,52.900002,41.689594,25551210
28/1/2016,52.900002,53.599998,52.799999,53.349998,42.044239,22593012
29/1/2016,53.299999,54.849998,53.299999,54.5,42.950531,26970269
1/2/2016,54.799999,55,54.450001,54.650002,43.068741,20814857
2/2/2016,54,54.650002,53.799999,54.150002,42.674706,19482291
3/2/2016,52.549999,52.549999,51.900002,52.25,41.177341,36916320
4/2/2016,52.150002,52.349998,51.950001,52,40.980328,27031116
5/2/2016,52.299999,52.75,52.150002,52.349998,41.256149,14190147
11/2/2016,49.900002,49.900002,49.400002,49.5,39.010117,57492829
12/2/2016,47.950001,48.150002,47.799999,48.099998,37.906799,44149323
15/2/2016,49.599998,50.349998,49.5,50.25,39.601185,27861491
16/2/2016,50.25,50.650002,50.099998,50.349998,39.679981,14928926
17/2/2016,50.099998,50.299999,49.400002,49.5,39.010117,16038893
18/2/2016,50.849998,51.150002,50.599998,50.950001,40.152836,15937737
19/2/2016,50.200001,50.349998,49.849998,50.25,39.601185,17092831
22/2/2016,50.349998,51.25,48.599998,49.150002,38.734291,49541286
23/2/2016,49.049999,49.700001,48.700001,49.150002,38.734291,28484295
24/2/2016,48.599998,48.849998,48.400002,48.700001,38.379654,24572792
25/2/2016,48.049999,48.099998,47.650002,47.75,37.630978,42846538
26/2/2016,49,49.799999,48.900002,49.549999,39.049519,28829644
29/2/2016,50.049999,50.200001,49.349998,49.650002,39.128326,17829975
1/3/2016,49.599998,50.150002,49.099998,50.049999,39.443546,23613890
2/3/2016,50.5,51.299999,50.450001,50.900002,40.11343,34211835
3/3/2016,49.900002,49.950001,49.450001,49.650002,40.421787,16025139
4/3/2016,49.650002,50.349998,49.650002,50.25,40.910271,18674180
7/3/2016,50.049999,50.549999,49.400002,49.650002,40.421787,24550679
8/3/2016,49.549999,49.75,49.150002,49.25,40.09613,19506044
9/3/2016,49.400002,50.5,49.400002,50.049999,40.747429,31118048
10/3/2016,50.150002,50.650002,49.799999,50.200001,40.86956,24931258
11/3/2016,49.799999,50.599998,49.799999,50.299999,40.950966,47828976
14/3/2016,50.5,51,50.5,50.700001,41.276627,35826740
15/3/2016,50.5,50.5,50.099998,50.200001,40.86956,15635270
16/3/2016,50.25,50.400002,49.799999,49.849998,40.584606,13396144
17/3/2016,50.5,50.700001,50.200001,50.450001,41.073097,11538725
18/3/2016,50.200001,50.349998,49.900002,50,40.706738,14658126
21/3/2016,50.400002,50.650002,50.150002,50.299999,40.950966,11813300
22/3/2016,50.5,50.5,49.950001,50,40.706738,12380727
23/3/2016,49.5,49.599998,49.200001,49.5,40.299664,17432504
24/3/2016,49,49.150002,48.650002,48.799999,39.729767,27542254
29/3/2016,48.5,48.700001,48.150002,48.599998,39.566936,27907888
30/3/2016,48.5,49.25,48.349998,49.049999,39.9333,29039907
31/3/2016,48.5,48.849998,48.349998,48.400002,39.404125,26596982
1/4/2016,48.450001,48.5,47.849998,47.950001,39.037766,29888783
5/4/2016,47.450001,47.5,46.650002,46.75,38.060799,48264822
6/4/2016,46.099998,46.150002,45.700001,45.950001,37.409485,42227380
7/4/2016,45.799999,46.099998,45.650002,45.799999,37.287365,24693527
8/4/2016,45.450001,46,45.049999,46,37.450191,20757579
11/4/2016,45.950001,46.5,45.75,46.200001,37.613022,30310937
12/4/2016,46,46.200001,45.900002,45.950001,37.409485,18322088
13/4/2016,47,48.099998,46.700001,48.049999,39.119171,42283448
14/4/2016,49.400002,49.5,48.900002,49,39.892601,37866945
15/4/2016,49.200001,49.400002,49.099998,49.299999,40.136837,20784278
18/4/2016,49.099998,49.099998,48.400002,48.950001,39.851894,21942259
19/4/2016,49.5,50.799999,49.5,50.75,41.317333,47902965
20/4/2016,50.75,50.849998,50.099998,50.650002,41.23592,25004705
21/4/2016,51.849998,52.900002,51.650002,52.900002,43.067719,60318567
22/4/2016,52.299999,52.450001,51.950001,52.150002,42.457127,23426317
25/4/2016,51.599998,52.200001,51.400002,51.450001,41.887226,20934234
26/4/2016,51.599998,52.299999,51.049999,52.25,42.538532,19738646
27/4/2016,53,53.200001,52.5,52.650002,42.864185,29334848
28/4/2016,52.900002,53.450001,52.049999,52.200001,42.497833,30671689
29/4/2016,52,52.200001,51.599998,51.799999,42.172176,16949144
3/5/2016,51.599998,53.099998,50.900002,51.5,41.927944,37546864
4/5/2016,50.549999,50.799999,50,50.150002,40.828854,29835390
5/5/2016,49.400002,49.950001,49.25,49.450001,40.258957,30076053
6/5/2016,49.25,49.349998,48.349998,48.349998,39.363407,36282101
9/5/2016,49,49.200001,48.400002,48.400002,39.404125,20714493
10/5/2016,48.349998,48.900002,48.349998,48.75,39.689064,20158499
11/5/2016,48.799999,48.849998,48.200001,48.200001,39.241287,20794189
12/5/2016,48.349998,48.400002,47.5,47.799999,38.915634,26845674
13/5/2016,47.5,47.700001,47.049999,47.299999,38.508564,28694763
16/5/2016,47.450001,48.25,47.450001,47.950001,39.037766,20458111
17/5/2016,48.25,49.400002,48.049999,49.200001,40.055424,26662411
18/5/2016,48.5,48.950001,48.349998,48.5,39.485527,26191077
19/5/2016,48.5,49.349998,48.400002,49.25,40.747883,31665074
20/5/2016,48.900002,49.150002,48.5,48.700001,40.292839,20423325
23/5/2016,48.25,48.599998,48,48.200001,39.87915,20760494
24/5/2016,48.25,48.650002,47.900002,48.5,40.127354,13236912
25/5/2016,49.5,50.400002,49.5,50.349998,41.65799,44945164
26/5/2016,50.650002,50.950001,50.299999,50.849998,42.071674,31438778
27/5/2016,50.799999,51.150002,50.400002,50.849998,42.071674,24129831
30/5/2016,50.599998,51.099998,50.549999,50.799999,42.030304,14181628
31/5/2016,50.5,51.75,50.5,51.200001,42.361256,26376528
1/6/2016,50.25,50.849998,50.099998,50.349998,41.65799,29170854
2/6/2016,50,50.799999,50,50.5,41.782093,21691426
3/6/2016,50.549999,51.150002,50.549999,50.799999,42.030304,28192014
6/6/2016,50.5,50.5,49.700001,50.099998,41.451149,18856832
7/6/2016,50.599998,51.099998,50.450001,50.849998,42.071674,15028778
8/6/2016,50.599998,50.900002,50.349998,50.5,41.782093,14256871
10/6/2016,50.049999,50.200001,49.200001,49.349998,40.83062,25503914
13/6/2016,47.950001,48,47.5,47.900002,39.630936,43785480
14/6/2016,47.900002,48.200001,47.200001,47.25,39.09314,35191085
15/6/2016,46.799999,47.5,46.599998,47.349998,39.175888,33508665
16/6/2016,46.950001,47,46.299999,46.400002,38.389889,46699667
17/6/2016,47.299999,47.900002,47.200001,47.700001,39.465466,24808475
20/6/2016,49,49.75,48.549999,49.349998,40.83062,47055884
21/6/2016,49.299999,49.849998,49.299999,49.799999,41.202938,28593221
22/6/2016,50,50.400002,49.849998,50.299999,41.616608,33310264
23/6/2016,50.700001,51.150002,50.700001,50.799999,42.030304,42230799
24/6/2016,49.25,50.950001,44.5,47.450001,39.258621,275737207
27/6/2016,46.400002,47.349998,46.200001,46.650002,38.596733,58521740
28/6/2016,45.349998,46.450001,45.299999,46.349998,38.348515,59494463
29/6/2016,46.700001,47.099998,46.599998,46.950001,38.84494,55071490
30/6/2016,47.299999,47.75,47.049999,47.349998,39.175888,44974435
4/7/2016,48.150002,48.75,48.049999,48.150002,39.837776,46703483
5/7/2016,47.75,47.900002,47.25,47.349998,39.175888,25317806
6/7/2016,46.5,47.099998,46.049999,46.799999,38.720821,30226088
7/7/2016,46.700001,47.099998,46.549999,47,38.886307,17522984
8/7/2016,46.349998,46.950001,46.349998,46.849998,38.762199,17433532
11/7/2016,47.75,47.799999,47.400002,47.599998,39.382721,19751494
12/7/2016,48.099998,48.599998,48,48.400002,40.044628,35820363
13/7/2016,48.75,49.049999,48.599998,48.650002,40.251457,26373435
14/7/2016,48.599998,49.5,48.349998,49.299999,40.789249,29197715
15/7/2016,49.450001,49.799999,49.150002,49.599998,41.03746,30596735
18/7/2016,49.400002,49.900002,49.299999,49.75,41.161568,20793265
19/7/2016,49.599998,49.799999,49.349998,49.5,40.954727,16116949
20/7/2016,49.5,50.450001,49.450001,50.25,41.575256,26981365
21/7/2016,50.5,50.75,50.349998,50.450001,41.74073,22091667
22/7/2016,50.25,50.400002,50,50.349998,41.65799,13407251
25/7/2016,50.349998,50.400002,50.049999,50.25,41.575256,12635677
26/7/2016,50,50.75,49.950001,50.25,41.575256,23433937
27/7/2016,50.599998,50.75,50.299999,50.599998,41.86483,25335740
28/7/2016,50.700001,51,50.549999,50.799999,42.030304,21273412
29/7/2016,50.299999,50.599998,50.200001,50.549999,41.82346,22758976
1/8/2016,50.799999,51.099998,50.75,50.799999,42.030304,20010122
2/8/2016,50.799999,50.799999,50.799999,50.799999,42.030304,0
3/8/2016,50,51.799999,49.75,51.599998,42.692196,56329544
4/8/2016,52.349998,53.25,52.200001,53,43.850513,47823582
5/8/2016,53.299999,53.849998,53.25,53.5,44.264191,34276558
8/8/2016,54,54.650002,53.849998,54.5,45.09156,30280680
9/8/2016,54.5,54.549999,54,54.349998,44.967464,18457886
10/8/2016,54.549999,55,54.349998,54.75,45.298412,23417108
11/8/2016,53.900002,54.799999,53.849998,54.299999,45.571815,22647825
12/8/2016,54.599998,54.799999,54.599998,54.599998,45.823582,15746455
15/8/2016,54.650002,54.849998,54.099998,54.549999,45.78162,18400121
16/8/2016,54.400002,54.599998,53.849998,54.200001,45.487885,19725679
17/8/2016,54.650002,55,54.599998,54.599998,45.823582,28134050
18/8/2016,54.799999,55.5,54.799999,55.200001,46.327137,23470279
19/8/2016,55.5,55.5,54.75,54.900002,46.075363,13976388
22/8/2016,55,55.150002,54.75,55.150002,46.285175,11457146
23/8/2016,55.049999,55.25,54.849998,55.200001,46.327137,12370154
24/8/2016,55.200001,55.299999,54.900002,55.200001,46.327137,12677738
25/8/2016,55.450001,55.849998,55.299999,55.450001,46.536957,20007306
26/8/2016,55.450001,56,55.450001,55.900002,46.914623,15653855
29/8/2016,55.799999,55.950001,55.5,55.650002,46.704807,12979109
30/8/2016,55.900002,56.450001,55.849998,56.200001,47.166397,25250148
31/8/2016,56.400002,57.799999,56.25,57.5,48.257446,48017413
1/9/2016,57.450001,59.5,57.299999,59.099998,49.60025,66929272
2/9/2016,59,59.799999,59,59,49.516327,57782797
5/9/2016,60.150002,60.599998,59.75,59.950001,50.313625,41344771
6/9/2016,59.950001,60.450001,59.299999,59.900002,50.271667,33865710
7/9/2016,59.5,59.849998,59.049999,59.049999,49.558285,42952358
8/9/2016,58.75,59.599998,58.700001,59.299999,49.768108,42652309
9/9/2016,59.400002,60.450001,59.150002,59.799999,50.187737,44400613
12/9/2016,59.049999,59.400002,58.25,58.25,48.886879,41311377
13/9/2016,58.799999,59.099998,58,58,48.677063,29584063
14/9/2016,57.5,57.849998,57.25,57.400002,48.173515,38366574
15/9/2016,57.5,58.5,57.5,58.349998,48.970802,22560247
19/9/2016,57.849998,58.849998,57.849998,58.650002,49.222588,38838762
20/9/2016,58.549999,59.25,58.25,58.950001,49.474358,31229119
21/9/2016,58.700001,59.849998,58.599998,59.400002,49.852032,34045815
22/9/2016,59.799999,60.150002,58.349998,58.549999,49.138657,43595992
23/9/2016,58.75,59,57.700001,58.049999,48.719036,44806106
26/9/2016,57.5,58.299999,57,57.349998,48.131542,33044980
27/9/2016,57.5,58.650002,57.349998,58.099998,48.76099,30959678
28/9/2016,58.299999,58.400002,57.400002,58.150002,48.802959,28121293
29/9/2016,58.400002,58.450001,57.849998,58.150002,48.802959,17086662
30/9/2016,57.599998,57.849998,56.900002,57.150002,47.963696,35683352
3/10/2016,58.150002,58.349998,57.849998,58.049999,48.719036,18634915
4/10/2016,58.299999,58.900002,58.150002,58.75,49.306515,22021929
5/10/2016,58.75,59.400002,58.599998,59,49.516327,16538742
6/10/2016,59.25,59.549999,58.950001,59.349998,49.810066,24688561
7/10/2016,59,59.049999,58.450001,58.950001,49.474358,17576883
11/10/2016,59.450001,59.799999,58.5,58.950001,49.474358,38185754
12/10/2016,58.549999,58.950001,58.450001,58.700001,49.264542,15522496
13/10/2016,58.549999,58.549999,57.349998,57.75,48.467255,31354022
14/10/2016,57.900002,58.599998,57.900002,58.5,49.096699,13941434
17/10/2016,58,58.349998,57.75,58.049999,48.719036,9888383
18/10/2016,58.299999,59,58.299999,59,49.516327,11597217
19/10/2016,59.25,59.400002,58.900002,59.049999,49.558285,17732972
20/10/2016,58.599998,58.799999,58.549999,58.799999,50.005241,14401131
21/10/2016,58.799999,58.799999,58.799999,58.799999,50.005241,0
24/10/2016,59.150002,59.549999,58.900002,59.400002,50.515503,27827251
25/10/2016,59.099998,59.349998,58.799999,59.25,50.387939,9311657
26/10/2016,59.099998,59.150002,58.700001,58.799999,50.005241,11136420
27/10/2016,58.950001,59,58.25,58.700001,49.920193,19581085
28/10/2016,58.950001,59,58.299999,58.349998,49.622547,27462003
31/10/2016,58.25,58.650002,58.200001,58.349998,49.622547,33362951
1/11/2016,58.349998,58.650002,58.099998,58.450001,49.707596,31483373
2/11/2016,58,58.150002,57.5,57.700001,49.069767,18793559
3/11/2016,57.400002,57.849998,57.400002,57.599998,48.984726,9591400
4/11/2016,57.599998,57.700001,57.25,57.450001,48.857166,8509834
7/11/2016,57.700001,59.150002,57.5,59.150002,50.302891,40605734
8/11/2016,59.5,59.5,58.950001,59.099998,50.260368,38731950
9/11/2016,59.400002,59.450001,56.599998,58,49.324898,57682717
10/11/2016,59.799999,60,59.450001,60,51.025757,87753448
11/11/2016,60.5,61.150002,60.400002,61.150002,52.003757,88314560
14/11/2016,60.799999,61.700001,60.299999,60.650002,51.578537,42714401
15/11/2016,61.650002,61.799999,61.099998,61.599998,52.386436,34663285
16/11/2016,62,62,61.099998,61.450001,52.258884,26162064
17/11/2016,60.5,60.799999,60.150002,60.400002,51.365932,24462073
18/11/2016,60.599998,61.099998,60.349998,61.099998,51.961224,21687469
21/11/2016,60.950001,61.349998,60.599998,60.799999,51.706097,16456862
22/11/2016,60.900002,61.75,60.900002,61.700001,52.471493,22773350
23/11/2016,61.700001,61.799999,61.299999,61.450001,52.258884,12888323
24/11/2016,61.400002,61.650002,61.099998,61.450001,52.258884,15500591
25/11/2016,61.549999,61.799999,61.450001,61.599998,52.386436,13656155
28/11/2016,61.700001,61.950001,61.5,61.5,52.301407,18475241
29/11/2016,60.75,60.950001,60.599998,60.599998,51.536007,22342866
30/11/2016,61,61.200001,60.75,61.049999,51.918709,15944530
1/12/2016,61.450001,61.450001,60.849998,61.150002,52.003757,20564985
2/12/2016,60.849998,61.299999,60.700001,61.150002,52.003757,51498578
5/12/2016,61.200001,61.299999,60.849998,61.299999,52.131317,25718789
6/12/2016,62,63.400002,61.900002,63.400002,53.917221,56402254
7/12/2016,64.5,65.599998,64.5,65.5,55.703125,85089401
8/12/2016,66.650002,67.25,64.699997,65.349998,55.57555,82905814
9/12/2016,65.699997,65.800003,65.300003,65.75,55.91573,35700686
12/12/2016,65.900002,66.199997,64.25,64.599998,54.93774,43199277
13/12/2016,64.099998,64.400002,63.599998,63.900002,54.342434,26855024
14/12/2016,64.900002,65.300003,64.400002,64.550003,54.895218,32587393
15/12/2016,64.400002,64.5,63.5,64,54.427475,36147359
16/12/2016,63.900002,64.349998,63.700001,63.950001,54.384953,24625253
19/12/2016,64.199997,64.25,63.200001,63.75,54.214867,21134838
20/12/2016,63.049999,63.349998,62,62.5,53.151833,30788754
21/12/2016,62.5,63.349998,62.299999,63.099998,53.662086,16680883
22/12/2016,63.099998,63.099998,62.200001,62.549999,53.194355,15396670
23/12/2016,62.099998,62.450001,62,62.200001,52.896702,15238515
28/12/2016,61.799999,62.150002,61.349998,61.950001,52.684097,19717962
29/12/2016,61.299999,62.200001,61.299999,61.950001,52.684097,18099032
30/12/2016,61.75,62.599998,61.75,62.25,52.939228,15733981
3/1/2017,62.25,63.150002,62.200001,63,53.577045,11331063
4/1/2017,63.450001,63.450001,62.950001,63.450001,53.959736,13426502
5/1/2017,63.799999,63.950001,63.549999,63.900002,54.342434,12484357
6/1/2017,63.900002,63.900002,63.349998,63.75,54.214867,14321890
9/1/2017,63.599998,63.849998,63.299999,63.700001,54.17234,10499807
10/1/2017,63.099998,63.5,63.049999,63.349998,53.874687,21843398
11/1/2017,63.25,64.199997,63.25,63.849998,54.299904,21029702
12/1/2017,64,64,63.599998,63.950001,54.384953,13057005
13/1/2017,63.700001,64.099998,63.650002,64,54.427475,10043680
16/1/2017,63.700001,63.849998,63.099998,63.200001,53.747128,12472145
17/1/2017,63.5,64.5,63.349998,64.199997,54.597553,21135628
18/1/2017,64.099998,65,64.050003,64.699997,55.022774,35148306
19/1/2017,64.900002,65,64.5,64.949997,55.235382,17966692
20/1/2017,64.599998,64.849998,64.349998,64.5,54.852688,15128591
23/1/2017,64.550003,65,64.400002,64.5,54.852688,15151262
24/1/2017,64.75,65,64.349998,64.550003,54.895218,20889916
25/1/2017,65.150002,65.5,65,65.5,55.703125,17927164
26/1/2017,66.300003,66.900002,66.199997,66.699997,56.723637,28210477
27/1/2017,66.5,66.75,66.300003,66.75,56.766159,9194876
1/2/2017,66,66.449997,65.849998,66.349998,56.425987,14984476
2/2/2017,66.25,67,66,66.25,56.340939,8630868
3/2/2017,66.099998,66.150002,65.349998,65.800003,55.958248,23763448
6/2/2017,66.449997,66.650002,66,66.349998,56.425987,29653356
7/2/2017,66.349998,66.349998,66,66.199997,56.298412,17331142
8/2/2017,66.199997,66.550003,65.949997,66.5,56.553551,19307008
9/2/2017,66.199997,66.300003,65.800003,66.199997,56.298412,29087398
10/2/2017,66.699997,67.449997,66.599998,67.050003,57.021294,32392394
13/2/2017,67,67.150002,66.699997,66.900002,56.893726,17343230
14/2/2017,67.199997,67.300003,66.900002,67,56.97876,17321753
15/2/2017,67.449997,68,67.199997,67.699997,57.574059,26599172
16/2/2017,68.25,68.349998,67.849998,68.300003,58.084328,21130553
17/2/2017,68,68.300003,68,68.300003,58.084328,19560621
20/2/2017,68.300003,69.099998,68.099998,69,58.679626,31745719
21/2/2017,69,69,65.400002,65.550003,55.74564,106826895
22/2/2017,64.849998,65.75,64.650002,65.449997,55.660595,99295567
23/2/2017,63.950001,64.400002,63.900002,64.050003,55.862091,37652154
24/2/2017,63.900002,63.950001,63.5,63.549999,55.426003,27069077
27/2/2017,63,63.25,62.75,63,54.94632,37267733
28/2/2017,62.700001,62.950001,62.400002,62.5,54.510239,28720577
1/3/2017,62.549999,63.150002,62.5,62.900002,54.8591,29432293
2/3/2017,63.75,64.199997,63.5,63.549999,55.426003,33820385
3/3/2017,63.450001,63.5,63.049999,63.25,55.164364,20787940
6/3/2017,63.5,63.75,63.150002,63.200001,55.120754,13603286
7/3/2017,63.200001,63.5,63.200001,63.200001,55.120754,8828177
8/3/2017,63,63.349998,63,63.150002,55.077148,11001657
9/3/2017,63,63.099998,62.700001,62.849998,54.815495,16874599
10/3/2017,62.799999,63.049999,62.549999,63,54.94632,11725888
13/3/2017,63.599998,64.599998,63.349998,64.349998,56.123737,38625363
14/3/2017,64.050003,64.099998,63.5,63.5,55.382404,21430359
15/3/2017,63.299999,64,63.150002,63.700001,55.556831,17310958
16/3/2017,64.050003,64.449997,63.849998,64.349998,56.123737,24530155
17/3/2017,64.199997,64.400002,63.849998,64.150002,55.949303,18187457
20/3/2017,63.599998,63.700001,63.400002,63.5,55.382404,22021106
21/3/2017,63.400002,64,63.349998,63.700001,55.556831,16065877
22/3/2017,63.299999,63.299999,62.900002,63.099998,55.033535,26761520
23/3/2017,63.049999,63.400002,63,63,54.94632,14457279
24/3/2017,63,63.349998,63,63,54.94632,13520214
27/3/2017,62.799999,63.099998,62.549999,62.75,54.728271,19242197
28/3/2017,62.900002,63.549999,62.900002,63.299999,55.207966,13833890
29/3/2017,63.700001,63.799999,63.349998,63.549999,55.426003,12164124
30/3/2017,63.400002,63.75,63.299999,63.5,55.382404,17736532
31/3/2017,63.299999,63.849998,63.299999,63.299999,55.207966,12561921
3/4/2017,63.150002,63.549999,63.150002,63.450001,55.338795,7979574
5/4/2017,63.049999,63.400002,62.849998,63.299999,55.207966,24983779
6/4/2017,63,63.450001,63,63.200001,55.120754,17114334
7/4/2017,63,63.400002,62.799999,63.25,55.164364,19058927
10/4/2017,63.5,63.650002,63.25,63.400002,55.295181,18425671
11/4/2017,63.299999,63.799999,63.25,63.700001,55.556831,19373448
12/4/2017,63.849998,64.400002,63.549999,64.199997,55.992912,20973102
13/4/2017,63.799999,63.950001,63.349998,63.349998,55.251572,16985287
18/4/2017,63.150002,63.25,62.25,62.400002,54.423023,34392102
19/4/2017,62.049999,62.299999,61.849998,62.099998,54.161369,29514318
20/4/2017,61.799999,62.25,61.799999,62.25,54.292194,21922934
21/4/2017,62.25,62.549999,62.200001,62.299999,54.335804,15903376
24/4/2017,62.349998,63.400002,62.200001,63,54.94632,24668140
25/4/2017,63.549999,63.900002,63.400002,63.799999,55.644051,24834689
26/4/2017,63.950001,64.349998,63.900002,64.099998,55.905701,25935496
27/4/2017,64.300003,64.800003,64,64.400002,56.167355,23929132
28/4/2017,64.199997,64.449997,64.099998,64.25,56.036522,12448406
2/5/2017,64.199997,64.5,64.050003,64.449997,56.210945,9987466
4/5/2017,64.449997,66.849998,64.449997,66.349998,57.868069,63135377
5/5/2017,66.5,66.75,66,66.5,57.998894,46050681
8/5/2017,66.400002,67.25,66.400002,66.800003,58.26054,36693166
9/5/2017,66.449997,67.199997,66.449997,67.150002,58.565796,22729716
10/5/2017,67,67.599998,67,67.349998,58.740238,34102350
11/5/2017,67.650002,68.199997,67.449997,67.949997,59.263535,34537951
12/5/2017,67.800003,68.25,67.800003,68.099998,59.394348,28096544
15/5/2017,68,68.949997,68,68.849998,60.048473,33647496
16/5/2017,68.900002,69.150002,68.550003,69,60.179302,33297412
17/5/2017,68.400002,68.900002,68.300003,68.699997,59.917652,25429105
18/5/2017,66.599998,67.699997,66.599998,67.400002,59.458721,31892873
19/5/2017,67.349998,67.599998,66.849998,67,59.105846,18587749
22/5/2017,67.050003,68.150002,67.050003,67.699997,59.723373,23488721
23/5/2017,67.699997,67.699997,67.099998,67.650002,59.679268,20413047
24/5/2017,67.400002,67.949997,67.300003,67.400002,59.458721,15382401
25/5/2017,67.900002,67.900002,67.5,67.650002,59.679268,12273589
26/5/2017,67.900002,67.900002,67.349998,67.5,59.54694,8184368
29/5/2017,67.800003,67.900002,67.400002,67.75,59.767475,11459282
31/5/2017,67.5,67.900002,67.5,67.699997,59.723373,15095202
1/6/2017,67.900002,68.150002,67.75,67.900002,59.899807,19249934
2/6/2017,68.150002,68.5,68.099998,68.400002,60.340893,22350748
5/6/2017,68.199997,68.5,68,68.25,60.208565,14829158
6/6/2017,68.199997,69,68,68.75,60.649666,29624206
7/6/2017,68.800003,69,68.650002,68.849998,60.737869,19337310
8/6/2017,68.75,69.199997,68.449997,69,60.870201,24808534
9/6/2017,68.449997,69,68.300003,68.599998,60.517334,37982908
12/6/2017,68.599998,69.199997,68.349998,68.449997,60.38501,17010595
13/6/2017,68.5,68.699997,68.150002,68.599998,60.517334,17651559
14/6/2017,68.400002,68.849998,68.25,68.550003,60.473228,13990672
15/6/2017,68.199997,68.300003,67.550003,67.800003,59.8116,20961040
16/6/2017,68.150002,68.699997,68.150002,68.349998,60.296783,22215664
19/6/2017,68.449997,69.099998,68.400002,68.900002,60.781998,18516257
20/6/2017,68.800003,68.900002,68.300003,68.5,60.429115,16082467
21/6/2017,67.800003,68.349998,67.550003,67.900002,59.899807,25646104
22/6/2017,67.550003,68.300003,67.550003,67.650002,59.679268,17103782
23/6/2017,67.650002,68.099998,67.599998,67.800003,59.8116,16487443
26/6/2017,68.199997,68.300003,67.849998,68.150002,60.120358,14266713
27/6/2017,68.449997,68.599998,68.199997,68.199997,60.164459,17311088
28/6/2017,68.449997,68.699997,68.300003,68.5,60.429115,17170408
29/6/2017,70,73,69.900002,72.800003,64.222473,119351013
30/6/2017,72.099998,74.199997,72.050003,72.650002,64.090157,72479007
3/7/2017,72.849998,74.050003,72.699997,73.550003,64.884117,50639921
4/7/2017,73.800003,74.5,72.300003,73.300003,64.663559,71423449
5/7/2017,73.050003,74.199997,72.699997,73.599998,64.9282,47223103
6/7/2017,73.550003,74,73.25,73.349998,64.707672,26504577
7/7/2017,73.25,73.699997,73.050003,73.150002,64.531235,19650107
10/7/2017,73.300003,74.849998,73.300003,74.599998,65.810387,47037076
11/7/2017,74.349998,75.900002,74.349998,75.050003,66.207367,45884695
12/7/2017,75.300003,75.400002,74.550003,74.699997,65.898613,29620624
13/7/2017,75,75.449997,74.75,75.099998,66.251495,27664283
14/7/2017,75.300003,75.349998,75,75.150002,66.295593,16958112
17/7/2017,75.099998,75.5,74.800003,75.349998,66.472015,20659347
18/7/2017,75,75.349998,74.849998,75.349998,66.472015,16841747
19/7/2017,74.949997,75.099998,74.699997,74.949997,66.119156,22941944
20/7/2017,75,75.349998,74.75,75.349998,66.472015,17482241
21/7/2017,75,75.449997,74.849998,75.099998,66.251495,16281515
24/7/2017,74.849998,75.300003,74.849998,75,66.163254,20390180
25/7/2017,75,76.699997,75,76.699997,67.662964,38304083
26/7/2017,77,77.599998,76.5,76.550003,67.53064,37006944
27/7/2017,76.900002,77.150002,76.550003,76.900002,67.839409,21522054
28/7/2017,76.699997,76.75,76.449997,76.449997,67.442429,22489837
31/7/2017,76.599998,78.900002,76.599998,78.449997,69.206764,69506170
1/8/2017,78.400002,79.150002,78.349998,78.849998,69.559654,45018892
2/8/2017,79.300003,79.550003,79.050003,79.349998,70.000717,37531643
3/8/2017,78.300003,78.599998,77.800003,78.25,69.716774,25285078
4/8/2017,78.150002,78.5,77.800003,78.5,69.939514,22477181
7/8/2017,78.699997,78.800003,78.150002,78.349998,69.80587,17086627
8/8/2017,78.050003,78.349998,77.599998,78.349998,69.80587,22516191
9/8/2017,77.800003,77.949997,77.599998,77.650002,69.182205,18315641
10/8/2017,77.800003,78,75.5,76.5,68.157616,50124050
11/8/2017,75.099998,75.300003,74.5,74.75,66.59845,62284849
14/8/2017,74.900002,75.650002,74.900002,75.5,67.26667,27033274
15/8/2017,75.800003,75.800003,75.050003,75.050003,66.865738,16543706
16/8/2017,75.099998,75.449997,74.800003,75.25,67.04393,14376268
17/8/2017,75.300003,75.300003,74.5,74.599998,66.464813,18676491
18/8/2017,73.599998,74.099998,73.599998,73.800003,65.752052,28756935
21/8/2017,73.699997,73.949997,73.699997,73.75,65.707504,11885010
22/8/2017,74,74.699997,74,74.5,66.37571,14162691
23/8/2017,74.5,74.5,74.5,74.5,66.37571,0
24/8/2017,74.050003,74.400002,74,74.349998,66.242073,15190669
25/8/2017,74.199997,75.150002,73.800003,75,66.821182,19681933
28/8/2017,74.800003,75.650002,74.800003,75.300003,67.08847,26447668
29/8/2017,75.099998,75.300003,74.650002,74.800003,66.643005,22485844
30/8/2017,75.199997,76.300003,75.050003,76.25,67.934868,26529092
31/8/2017,76,76.25,75.75,76,67.712143,21671439
1/9/2017,76,76.400002,75.699997,75.900002,67.623039,27184080
4/9/2017,75.75,75.849998,75.199997,75.699997,67.444855,18868039
5/9/2017,75.599998,75.699997,75.25,75.5,67.26667,11918310
6/9/2017,74.949997,74.949997,74.300003,74.550003,66.420258,26560549
7/9/2017,74.949997,74.949997,74,74.150002,66.063889,20990873
8/9/2017,74,74.550003,74,74.449997,66.331169,22530802
11/9/2017,75.199997,75.599998,75.099998,75.449997,67.222107,21820578
12/9/2017,75.75,76,75.349998,75.800003,67.533958,17139841
13/9/2017,75.900002,76.199997,75.550003,75.650002,67.400307,19534607
14/9/2017,75,75.849998,75,75.75,67.489403,13265856
15/9/2017,75.199997,75.900002,74.900002,75.349998,67.133026,15385113
18/9/2017,75.599998,76.300003,75.349998,76.150002,67.845779,25492611
19/9/2017,75.900002,77.150002,75.900002,76.650002,68.29126,35514613
20/9/2017,76.599998,77.199997,76.400002,76.650002,68.29126,23026434
21/9/2017,76.699997,76.949997,76.449997,76.650002,68.29126,17117676
22/9/2017,76,76.5,76,76.199997,67.890327,15817488
25/9/2017,76.5,76.5,75.849998,76.150002,67.845779,22774092
26/9/2017,76,76.300003,75.849998,76.199997,67.890327,12227035
27/9/2017,75.75,76.400002,75.75,76.199997,67.890327,17499190
28/9/2017,76.400002,77.099998,76.050003,76.199997,67.890327,22520013
29/9/2017,76.5,76.900002,76.300003,76.550003,68.202156,16766252
3/10/2017,76.800003,77.449997,76.699997,77.449997,69.004005,24369212
4/10/2017,77.5,77.949997,77.5,77.849998,69.360397,21197563
6/10/2017,77.599998,77.800003,77.199997,77.349998,68.914917,23715110
9/10/2017,77.349998,77.699997,77.099998,77.5,69.048561,16552354
10/10/2017,77.5,79.650002,77.5,78.599998,70.028603,54726340
11/10/2017,79.050003,79.199997,78.099998,78.099998,69.58313,33386628
12/10/2017,77.699997,77.75,77.300003,77.300003,69.564995,14127044
13/10/2017,77,77.199997,76.650002,77.199997,69.474991,16107262
16/10/2017,77.199997,77.75,77.050003,77.300003,69.564995,15033599
17/10/2017,77.099998,77.449997,77,77.150002,69.43,10181513
18/10/2017,76.849998,77.099998,76.75,77,69.295013,11810048
19/10/2017,77,77.25,76,76,68.395081,22311059
20/10/2017,76.5,76.900002,76.400002,76.5,68.845039,13357000
23/10/2017,77.050003,77.199997,76.400002,76.5,68.845039,13680528
24/10/2017,76.25,76.800003,76.099998,76.5,68.845039,8670500
25/10/2017,76.5,76.900002,76.400002,76.699997,69.025024,10451638
26/10/2017,76.599998,77.099998,76.599998,76.900002,69.205009,12133264
27/10/2017,76.400002,77.449997,76.400002,77.099998,69.385002,20176013
30/10/2017,77.199997,78.050003,76.849998,76.849998,69.160019,32626972
31/10/2017,76.25,76.599998,76.050003,76.199997,68.575073,32077681
1/11/2017,76.199997,76.800003,76.199997,76.650002,68.980034,19417713
2/11/2017,76.150002,76.199997,75.800003,75.849998,68.260094,26844827
3/11/2017,75.550003,75.849998,75.5,75.599998,68.03511,20538341
6/11/2017,75.5,75.5,74.849998,75.300003,67.765129,23272416
7/11/2017,75.300003,76.099998,75.300003,75.800003,68.215088,14362731
8/11/2017,75.400002,75.650002,75.25,75.349998,67.810127,22353265
9/11/2017,75.400002,76.150002,75.400002,75.849998,68.260094,14546652
10/11/2017,76,76.099998,75.800003,75.949997,68.350082,11164601
13/11/2017,75.900002,76.25,75.599998,75.650002,68.080109,12740554
14/11/2017,75.199997,75.449997,75.050003,75.150002,67.630135,16683838
15/11/2017,75.150002,75.300003,75.050003,75.099998,67.585144,10045036
16/11/2017,75.5,75.699997,75.25,75.349998,67.810127,8504207
17/11/2017,75.349998,75.650002,75.099998,75.25,67.720123,12812063
20/11/2017,75.25,75.5,75,75.099998,67.585144,10028334
21/11/2017,75.199997,75.800003,74.800003,75.599998,68.03511,32409934
22/11/2017,75.5,78.099998,75.449997,76.949997,69.250015,64117454
23/11/2017,77.150002,77.400002,75.849998,76.150002,68.530075,35159249
24/11/2017,76.300003,76.849998,76.099998,76.300003,68.665062,18916460
27/11/2017,76.599998,77.400002,76.099998,76.800003,69.115021,27312991
28/11/2017,77.400002,77.400002,76.800003,76.949997,69.250015,28073541
29/11/2017,77.5,78.150002,77.199997,78,70.194954,50583363
30/11/2017,77.900002,78.300003,77.550003,78,70.194954,45565002
1/12/2017,77.949997,78,77.400002,77.900002,70.10495,39933422
4/12/2017,77.550003,78.099998,77.050003,77.699997,69.924957,21858708
5/12/2017,77.25,77.949997,77.25,77.349998,69.609978,23071288
6/12/2017,77,77.300003,76.099998,76.099998,68.485069,43122771
7/12/2017,76.150002,77,76.150002,76.25,68.620064,27425846
8/12/2017,76.300003,77,76.25,76.800003,69.115021,32648265
11/12/2017,76.800003,78.900002,76.800003,78.300003,70.464935,54684972
12/12/2017,78.650002,79.050003,78.099998,78.349998,70.509918,32960794
13/12/2017,78.800003,80,78.800003,79.949997,71.949829,63450907
14/12/2017,80.25,80.400002,79.099998,79.550003,71.589844,40390748
15/12/2017,79.150002,79.25,78.300003,78.550003,70.689919,26951970
18/12/2017,78.699997,79.349998,78.300003,78.849998,70.959892,15837615
19/12/2017,79,79.699997,78.949997,79.349998,71.409859,16227302
20/12/2017,79,79.300003,78.800003,79.300003,71.364861,17518048
21/12/2017,79.550003,79.800003,79.400002,79.550003,71.589844,15529852
22/12/2017,80,80.099998,79.650002,80,71.994812,22311368
27/12/2017,80.099998,80.349998,79.699997,79.800003,71.814835,16640634
28/12/2017,80.050003,80.150002,79.900002,80,71.994812,16338004
29/12/2017,80,80.150002,79.900002,79.949997,71.949829,15450760
2/1/2018,80.550003,81.300003,80.449997,81.300003,73.164726,37060582
3/1/2018,81.300003,81.449997,80.800003,80.949997,72.849762,21680762
4/1/2018,80.900002,81.050003,80.349998,80.5,72.444778,17205111
5/1/2018,81.050003,81.199997,80.599998,80.800003,72.714767,15902273
8/1/2018,80.5,80.800003,80.050003,80.5,72.444778,21354440
9/1/2018,80.199997,81.099998,80.150002,80.949997,72.849762,20734671
10/1/2018,80.949997,82.400002,80.949997,82.099998,73.884682,70547231
11/1/2018,83.949997,84.300003,83.550003,84.050003,75.639565,54006301
12/1/2018,84.199997,84.400002,83.25,83.699997,75.324577,29034596
15/1/2018,84.900002,84.949997,83.800003,84.099998,75.684555,44252539
16/1/2018,84.300003,84.800003,84,84.800003,76.314514,27343839
17/1/2018,84.949997,85.099998,84.699997,85.050003,76.539497,38403425
18/1/2018,86,86,85.050003,85.449997,76.89946,35014328
19/1/2018,85.599998,85.949997,85.050003,85.400002,76.854469,25476127
22/1/2018,85.25,85.400002,84.699997,85,76.494499,26645050
23/1/2018,85.5,85.699997,85.300003,85.699997,77.124443,29559695
24/1/2018,85.599998,85.849998,85.199997,85.849998,77.259422,20120832
25/1/2018,85.900002,85.949997,85.349998,85.5,76.944466,22596907
26/1/2018,85.349998,85.699997,85.300003,85.699997,77.124443,26625573
29/1/2018,85.550003,85.650002,85.050003,85.050003,76.539497,28960637
30/1/2018,84.800003,85.150002,83.849998,84.099998,75.684555,39732326
31/1/2018,83.449997,84.5,83,84.199997,75.774536,36516373
1/2/2018,83.5,84.150002,83.449997,84.050003,75.639565,33272295
2/2/2018,83.550003,84,83.25,83.699997,75.324577,21777829
5/2/2018,82,83.300003,81.800003,82.849998,74.559631,48503623
6/2/2018,80,80.949997,79.599998,80.099998,72.084808,114487484
7/2/2018,81.050003,81.650002,80,80,71.994812,73847401
8/2/2018,80.150002,80.900002,80.050003,80.5,72.444778,47829794
9/2/2018,79.300003,80.050003,77.900002,79.800003,71.814835,99014081
12/2/2018,80,80.349998,79.400002,79.400002,71.454865,40033784
13/2/2018,79.599998,80.449997,79.599998,79.800003,71.814835,29293870
14/2/2018,79.849998,82.199997,79.849998,81.900002,73.704689,47649359
15/2/2018,83,83.75,82.699997,83.550003,75.189598,36584847
20/2/2018,83.75,85,80.849998,80.949997,72.849762,84846341
21/2/2018,81.5,82.050003,80.699997,81.599998,73.434715,52960544
22/2/2018,79.800003,80.25,79.400002,79.550003,73.064804,37646052
23/2/2018,79.900002,79.949997,79.599998,79.650002,73.156654,23199947
26/2/2018,80.099998,80.099998,79.400002,79.550003,73.064804,24170091
27/2/2018,79.550003,79.550003,78.599998,78.599998,72.192261,37296697
28/2/2018,78.199997,78.449997,78,78,71.641174,24780124
1/3/2018,77.199997,78.050003,77.150002,77.900002,71.549316,26947744
2/3/2018,77.300003,77.400002,77.050003,77.199997,70.90638,33903684
5/3/2018,77,77.050003,75.949997,75.949997,69.758293,34817652
6/3/2018,76.599998,77,76.099998,76.599998,70.355301,23078928
7/3/2018,76.199997,76.599998,75.900002,75.949997,69.758293,23842359
8/3/2018,76.199997,76.699997,76.199997,76.300003,70.079765,16339656
9/3/2018,76.5,76.849998,76.400002,76.599998,70.355301,13637664
12/3/2018,77.099998,77.699997,76.800003,77.400002,71.09008,29470962
13/3/2018,77.349998,77.449997,77.099998,77.099998,70.814537,18004006
14/3/2018,76.5,76.75,76.349998,76.5,70.263451,19530566
15/3/2018,76,76.449997,75.900002,76.400002,70.171608,24254241
16/3/2018,76.25,77.349998,76.25,76.949997,70.676765,22136321
19/3/2018,76.5,77.449997,76.5,77.150002,70.860458,11098284
20/3/2018,76.800003,76.949997,76.349998,76.949997,70.676765,15140889
21/3/2018,76.949997,77.900002,76.800003,76.849998,70.584915,18588645
22/3/2018,77,77.300003,76.300003,76.300003,70.079765,16147141
23/3/2018,74.75,74.900002,74.099998,74.650002,68.56427,60552833
26/3/2018,74.050003,75,73.900002,75,68.885735,27598665
27/3/2018,75.349998,75.550003,75,75.099998,68.977592,20421770
28/3/2018,74.400002,74.800003,74,74,67.967262,30235397
29/3/2018,74.150002,74.349998,73.550003,74,67.967262,20383080
3/4/2018,73.449997,73.650002,73.099998,73.550003,67.553955,25428538
4/4/2018,73.699997,73.849998,72.400002,72.400002,66.497704,23443502
6/4/2018,72.800003,73.699997,72.800003,73.050003,67.094711,24719256
9/4/2018,73.800003,74.900002,73.599998,74.199997,68.150955,26596521
10/4/2018,74.199997,74.800003,74.050003,74.699997,68.610191,16001936
11/4/2018,75,75.599998,74.949997,75.25,69.115356,21424632
12/4/2018,75.400002,75.699997,74.800003,75.400002,69.253143,13303726
13/4/2018,76.300003,76.349998,75.849998,76.300003,70.079765,18726256
16/4/2018,76.599998,76.699997,75.349998,75.949997,69.758293,20933959
17/4/2018,75.650002,76.25,75.150002,75.449997,69.299049,13197306
18/4/2018,75.949997,76.099998,75.199997,75.650002,69.482758,16139272
19/4/2018,75.900002,76.400002,75.699997,76.300003,70.079765,17981942
20/4/2018,76.5,77.650002,76.5,76.800003,70.538994,34244927
23/4/2018,77.050003,77.449997,76.900002,77,70.722694,16113737
24/4/2018,77.199997,77.699997,77.099998,77.650002,71.319702,15832064
25/4/2018,77.400002,77.75,77.099998,77.5,71.181923,12080864
26/4/2018,77.599998,77.800003,76.699997,77.050003,70.768616,19719319
27/4/2018,77.300003,77.5,77,77.400002,71.09008,13514973
30/4/2018,77.900002,78.699997,77.699997,78.699997,72.284096,24138515
2/5/2018,78.199997,78.599998,77.800003,78.449997,72.054474,13978028
3/5/2018,77.300003,78,77.150002,77.699997,71.365616,14845915
4/5/2018,77.050003,77.400002,74.849998,74.949997,68.839806,54745949
7/5/2018,75.400002,75.550003,75,75.099998,68.977592,16621209
8/5/2018,75.449997,76.349998,75.449997,75.900002,69.712372,13424855
9/5/2018,75.699997,76.199997,75.599998,76.099998,69.896065,12025213
10/5/2018,76.699997,77.300003,76.699997,77.099998,70.814537,18504582
11/5/2018,77.900002,77.900002,77.300003,77.550003,71.227852,14165297
14/5/2018,78.050003,78.599998,78,78.400002,72.008553,22374475
15/5/2018,78.550003,78.550003,77.699997,77.949997,71.59523,12231114
16/5/2018,77.949997,78.199997,77.75,78.050003,71.687096,15046970
17/5/2018,77.400002,77.550003,76.800003,77,71.441071,12627414
18/5/2018,77,77.400002,76.699997,77.25,71.673027,11878991
21/5/2018,77.5,77.900002,77.5,77.800003,72.183327,13576777
23/5/2018,78.25,78.25,77.5,77.5,71.904961,20176620
24/5/2018,77.5,77.699997,76.949997,77.550003,71.951355,9395616
25/5/2018,76.900002,77.25,76.800003,77.050003,71.487465,11488656
28/5/2018,77,77.099998,76.699997,76.849998,71.301903,8904420
29/5/2018,76.599998,76.75,75.900002,75.900002,70.420486,19560619
30/5/2018,75,75.199997,74.650002,74.949997,69.539063,34130739
31/5/2018,75.449997,76.199997,75.099998,75.949997,70.466866,17879650
1/6/2018,75.449997,75.949997,75.199997,75.949997,70.466866,17097897
4/6/2018,76.199997,76.699997,76,76.599998,71.069946,13662716
5/6/2018,76.050003,76.800003,76.050003,76.5,70.977165,11626606
6/6/2018,76.199997,76.75,76.199997,76.5,70.977165,13477813
7/6/2018,76.849998,77.449997,76.75,77.25,71.673027,18399594
8/6/2018,77.199997,77.199997,76.449997,76.550003,71.02356,11491978
11/6/2018,76.550003,77.199997,76.550003,76.949997,71.394676,10195112
12/6/2018,76.400002,76.849998,76.300003,76.75,71.209122,9282704
13/6/2018,76.300003,77,76.300003,76.650002,71.116333,13402404
14/6/2018,76.699997,76.800003,76.150002,76.400002,70.884392,13050437
15/6/2018,76.5,76.849998,76.300003,76.349998,70.837997,16363655
19/6/2018,75.050003,75.5,74.400002,74.599998,69.21434,42643932
20/6/2018,74.300003,75.5,74.300003,75.199997,69.771019,16701179
21/6/2018,74.699997,75.400002,74.400002,74.400002,69.028778,16119889
22/6/2018,73.800003,74.699997,73.75,74.400002,69.028778,16706814
25/6/2018,74.550003,74.900002,73.699997,73.75,68.425697,18142499
26/6/2018,73.550003,73.800003,73.199997,73.5,68.193756,17440294
27/6/2018,73.550003,73.849998,72.5,72.5,67.265945,21287306
28/6/2018,72.800003,73,72.099998,72.900002,67.637062,24644209
29/6/2018,73,73.75,72.900002,73.599998,68.28653,14801168
3/7/2018,72.099998,72.5,71.449997,72.349998,67.12677,36362342
4/7/2018,72.349998,72.650002,71.949997,72.199997,66.987595,12866139
5/7/2018,72.5,72.699997,71.650002,72.5,67.265945,16975926
6/7/2018,72.800003,72.949997,71.849998,72.599998,67.358727,17708489
9/7/2018,73.099998,73.449997,73,73.349998,68.054581,11726393
10/7/2018,74,74.25,73.800003,73.900002,68.564873,17316974
11/7/2018,72.099998,73.25,72.099998,72.949997,67.683441,16004370
12/7/2018,72.900002,73.300003,72.599998,73.099998,67.822624,9223553
13/7/2018,73.349998,73.699997,73.300003,73.300003,68.008186,12432384
16/7/2018,73.449997,73.650002,73,73.300003,68.008186,6584333
17/7/2018,73.699997,73.699997,73,73.150002,67.869026,9996691
18/7/2018,73,73.349998,72.599998,72.599998,67.358727,11363923
19/7/2018,73.099998,73.5,72.949997,73.199997,67.915405,15148218
20/7/2018,73.400002,73.400002,72.599998,73.199997,67.915405,13265435
23/7/2018,73.449997,73.5,73.050003,73.400002,68.10096,8204018
24/7/2018,73.900002,74.650002,73.849998,74.650002,69.260727,22353931
25/7/2018,75.150002,75.400002,75,75.050003,69.631844,16508154
26/7/2018,75,75.150002,74.300003,74.75,69.353516,12684426
27/7/2018,74.599998,75.050003,74.300003,74.849998,69.446289,8294764
30/7/2018,74.5,75.050003,74.400002,74.699997,69.307114,11210759
31/7/2018,74.800003,74.800003,74.400002,74.599998,69.21434,7824397
1/8/2018,75.099998,75.25,74,74.25,68.88961,21867381
2/8/2018,73.800003,73.800003,72.800003,72.800003,67.544289,23016869
3/8/2018,72.449997,72.550003,72.150002,72.300003,67.080391,20306120
6/8/2018,73,73.599998,72.199997,72.650002,67.405121,30859249
7/8/2018,72.25,72.900002,72.099998,72.849998,67.590668,18811683
8/8/2018,72.5,73,72.5,72.900002,67.637062,8271896
9/8/2018,73,73.900002,73,73.349998,68.054581,12584633
10/8/2018,73.050003,73.550003,72.550003,72.599998,67.358727,17553018
13/8/2018,72.099998,72.5,72,72.099998,66.894829,22331690
14/8/2018,72,72.400002,71.849998,72.349998,67.12677,15935266
15/8/2018,71.900002,72,71.5,71.550003,66.384529,27035992
16/8/2018,70,70.5,69.849998,70.150002,65.807289,34207015
17/8/2018,70.400002,70.800003,70,70.099998,65.760384,16175678
20/8/2018,69.949997,70.599998,69.550003,70.550003,66.182518,17866169
21/8/2018,70.150002,70.400002,69.949997,70.300003,65.948006,15471039
22/8/2018,69.900002,70.099998,69.599998,70.050003,65.71347,17480660
23/8/2018,70.300003,70.300003,69.599998,69.650002,65.338226,14211698
24/8/2018,69.5,69.650002,69.199997,69.400002,65.103714,16250292
27/8/2018,69.550003,70.099998,69.449997,70.099998,65.760384,18159578
28/8/2018,70.449997,70.75,70.099998,70.199997,65.854179,12684540
29/8/2018,70.300003,70.599998,70,70.150002,65.807289,14273227
30/8/2018,70.150002,70.199997,69.400002,69.5,65.197517,19474908
31/8/2018,69.050003,69.300003,68.800003,68.849998,64.587753,21529248
3/9/2018,68.400002,68.400002,68,68.349998,64.118713,24181234
4/9/2018,68.199997,68.949997,68.050003,68.800003,64.540855,14923511
5/9/2018,68.449997,68.5,67.800003,67.800003,63.60276,25760163
6/9/2018,67.650002,68.099998,67.5,67.5,63.321335,24430606
7/9/2018,67.099998,67.699997,66.75,67.199997,63.039902,28973817
10/9/2018,66.849998,66.949997,66.099998,66.349998,62.242523,28486530
11/9/2018,66.349998,67,66.300003,66.300003,62.195621,17643304
12/9/2018,66.5,67.099998,66.25,66.650002,62.52396,20357426
13/9/2018,66.949997,67.599998,66.849998,67.550003,63.368237,28799297
14/9/2018,67.800003,68.199997,67.400002,67.900002,63.696571,19908390
17/9/2018,67.599998,67.800003,67.349998,67.550003,63.368237,12055845
18/9/2018,67.199997,68,67.099998,67.75,63.555859,16026267
19/9/2018,67.550003,68.050003,67.199997,67.949997,63.743473,23174011
20/9/2018,68.400002,68.75,68,68.650002,64.400131,15168181
21/9/2018,69.5,69.75,69.050003,69.75,65.432045,19397758
24/9/2018,68.949997,69.5,68.849998,68.949997,64.681557,12488220
26/9/2018,69.25,70.199997,69.25,69.650002,65.338226,17715864
27/9/2018,69.300003,70.099998,69.199997,69.400002,65.103714,9122870
28/9/2018,69.699997,69.949997,68.949997,69.199997,64.916084,13210072
2/10/2018,68,68.5,67.650002,67.75,63.555859,24924108
3/10/2018,66.599998,68.199997,66.599998,67.949997,63.743473,11138127
4/10/2018,68.25,68.25,67.550003,68.050003,63.837284,19094289
5/10/2018,69.199997,69.199997,68.449997,68.449997,64.212509,16068236
8/10/2018,68.199997,68.75,68,68.050003,63.837284,18463655
9/10/2018,67.650002,67.949997,67.349998,67.650002,63.462055,22500606
10/10/2018,67.550003,68.449997,67.550003,68.099998,63.884186,22435246
11/10/2018,66.5,66.75,66,66.050003,62.681717,39115421
12/10/2018,65.550003,66.349998,65.349998,66.050003,62.681717,39363868
15/10/2018,65.400002,65.449997,64.699997,64.75,61.448009,39686626
16/10/2018,65.199997,65.400002,64.599998,64.800003,61.495461,18497061
18/10/2018,64.800003,64.800003,64.050003,64.550003,61.258209,26780608
19/10/2018,63.349998,64.099998,63.099998,63.849998,60.593903,46898041
22/10/2018,63.549999,64.400002,63.450001,64.349998,61.068401,26273240
23/10/2018,63.450001,63.450001,62.400002,62.400002,59.21785,42301510
24/10/2018,62.049999,62.549999,61.549999,61.599998,58.458641,35346106
25/10/2018,60.5,61.200001,60.400002,61.049999,57.936687,38075667
26/10/2018,60.900002,61.150002,60.349998,60.5,57.414742,27990146
29/10/2018,60.849998,64,60.650002,63.549999,60.309204,64952327
30/10/2018,63.400002,64,63.049999,63.150002,59.9296,27445301
31/10/2018,63.5,64.400002,63.450001,64.400002,61.11586,22025848
1/11/2018,64.5,65.400002,64.449997,65.050003,61.732708,21014129
2/11/2018,65.5,66.75,65.300003,66.400002,63.01387,43633166
5/11/2018,65.400002,65.699997,65.099998,65.5,62.159763,17100904
6/11/2018,65.75,66.449997,65.349998,66.050003,62.681717,19930868
7/11/2018,65.650002,66.650002,65.599998,65.949997,62.586811,25492921
8/11/2018,66.199997,66.449997,65.75,65.900002,62.53936,13072384
9/11/2018,65.5,65.75,64.650002,64.650002,61.353104,17284987
12/11/2018,64.5,65.599998,64.5,65.050003,61.732708,11698804
13/11/2018,64,64.900002,63.700001,64.75,61.448009,18145671
14/11/2018,65.800003,66.150002,65.150002,65.25,61.922508,16058603
15/11/2018,65.800003,66,65.150002,66,62.634266,8617672
16/11/2018,65.400002,66.199997,65.400002,66.199997,62.824062,10231228
19/11/2018,65.900002,66.150002,65.449997,66.050003,62.681717,11554287
20/11/2018,65.699997,65.800003,65.050003,65.099998,61.780155,10809486
21/11/2018,64.300003,65.349998,64.300003,65.300003,61.969967,8080026
22/11/2018,65.800003,66.349998,65.699997,65.949997,62.586811,13596819
23/11/2018,65.800003,66.349998,65.699997,65.900002,62.53936,12294674
26/11/2018,66.300003,66.849998,66.050003,66.849998,63.440918,20246873
27/11/2018,67,67.5,66.900002,67.099998,63.678173,17333496
28/11/2018,66.800003,67.75,66.800003,67.650002,64.200127,11917719
29/11/2018,67.650002,67.849998,66.650002,66.650002,63.251122,14780991
30/11/2018,66.800003,67.400002,66.650002,66.900002,63.488365,9362017
3/12/2018,67.599998,68.199997,67.599998,68.199997,64.722069,23023683
4/12/2018,68,68.25,67.800003,68.099998,64.627167,13049258
5/12/2018,66.75,66.849998,66.300003,66.300003,62.918964,30593647
6/12/2018,65.5,65.5,64.900002,64.949997,61.637806,29308458
7/12/2018,64.300003,64.449997,63.700001,63.700001,60.451553,37873254
10/12/2018,63.299999,64,63.299999,63.75,60.499004,20212935
11/12/2018,63.099998,63.549999,63.049999,63.349998,60.119396,18832189
12/12/2018,63.549999,64.300003,63.5,64,60.736252,15282321
13/12/2018,64.5,65.199997,64.5,65.199997,61.87505,14347218
14/12/2018,64.349998,64.800003,64.050003,64.099998,60.831154,11285950
17/12/2018,64.900002,64.900002,64.199997,64.25,60.973507,7695323
18/12/2018,63.950001,64.550003,63.599998,63.799999,60.546452,12381409
19/12/2018,64.849998,64.849998,63.799999,64.099998,60.831154,6895906
20/12/2018,63.700001,63.799999,63.099998,63.549999,60.309204,14706222
21/12/2018,64,64.550003,63.799999,64.550003,61.258209,15197112
24/12/2018,64.199997,64.25,63.75,64.150002,60.878605,5543914
27/12/2018,64.400002,64.900002,63.900002,64,60.736252,12522057
28/12/2018,63.5,63.900002,63.5,63.75,60.499004,11895834
31/12/2018,64.75,64.800003,64.400002,64.800003,61.495461,7298717
2/1/2019,64.800003,64.849998,63.200001,63.299999,60.071949,18887996
3/1/2019,63.299999,63.75,63.049999,63.25,60.024498,10324886
4/1/2019,63.299999,64.400002,63.049999,64.349998,61.068401,11338138
7/1/2019,65.25,65.349998,64.599998,64.900002,61.590359,14346790
8/1/2019,64.599998,64.900002,64.150002,64.75,61.448009,10578424
9/1/2019,65.199997,66,64.949997,65.5,62.159763,25771115
10/1/2019,64.75,65.199997,64.349998,64.800003,61.495461,20936553
11/1/2019,65.150002,65.75,64.900002,65.400002,62.064861,13232930
14/1/2019,64.800003,65.199997,64.5,64.550003,61.258209,12175907
15/1/2019,64.849998,65.349998,64.550003,65.099998,61.780155,16785749
16/1/2019,64.699997,65.300003,64.400002,65.150002,61.82761,13220098
17/1/2019,65,65.449997,64.900002,65.150002,61.82761,11578113
18/1/2019,65.5,65.5,65.099998,65.349998,62.017406,11975386
21/1/2019,65.599998,65.900002,65.25,65.349998,62.017406,14960914
22/1/2019,65.599998,65.800003,65.050003,65.099998,61.780155,10094181
23/1/2019,64.800003,65.5,64.800003,64.949997,61.637806,12514956
24/1/2019,65.25,65.449997,65,65.300003,61.969967,9811576
25/1/2019,65.099998,65.900002,65.050003,65.900002,62.53936,19606418
28/1/2019,65.900002,66.300003,65.800003,65.849998,62.491909,13132536
29/1/2019,65.449997,66.099998,65.449997,65.949997,62.586811,20657393
30/1/2019,66.449997,66.5,65.949997,66.300003,62.918964,13455260
31/1/2019,66.650002,66.949997,66.400002,66.699997,63.298561,19079464
1/2/2019,66.300003,66.5,65.900002,66.099998,62.729156,17431690
4/2/2019,65.699997,66.099998,65.650002,65.949997,62.586811,12018093
8/2/2019,65.099998,65.949997,65.099998,65.849998,62.491909,11037829
11/2/2019,65.800003,66.099998,65.599998,66,62.634266,11927453
12/2/2019,65.949997,66.5,65.800003,66.25,62.871506,13828466
13/2/2019,66.599998,67.400002,66.400002,67.099998,63.678173,22231404
14/2/2019,66.900002,67.300003,66.800003,67.199997,63.773064,18544235
15/2/2019,66.900002,66.900002,66.300003,66.349998,62.966412,25619649
18/2/2019,67.050003,68,67.050003,67.699997,64.247566,33646158
19/2/2019,67.75,67.949997,65.849998,66.150002,62.776615,63505533
20/2/2019,65.550003,66.150002,65.400002,66.050003,62.681717,69143662
21/2/2019,64.949997,65.150002,64.599998,64.900002,63.166344,34907228
22/2/2019,64.5,64.699997,64.199997,64.400002,62.679699,37012651
25/2/2019,64.5,64.550003,64.150002,64.199997,62.485039,38184799
26/2/2019,64.099998,64.150002,63.599998,63.950001,62.241722,42954726
27/2/2019,64,64.25,63.900002,64.099998,62.387707,23690146
28/2/2019,64.199997,64.800003,64.050003,64.150002,62.436375,22441992
1/3/2019,63.900002,64.349998,63.900002,64.199997,62.485039,18392999
4/3/2019,64.099998,64.699997,64,64.199997,62.485039,31114804
5/3/2019,64,64.400002,63.900002,64.349998,62.631031,21053002
6/3/2019,64.099998,64.75,64.099998,64.699997,62.97168,18049783
7/3/2019,64.349998,65.199997,64.349998,64.849998,63.117672,23198002
8/3/2019,64.5,64.5,64.050003,64.25,62.533707,56524305
11/3/2019,64.25,64.5,64.099998,64.449997,62.728355,25652643
12/3/2019,64.550003,64.900002,64.5,64.849998,63.117672,17437611
13/3/2019,64.650002,64.650002,64.300003,64.400002,62.679699,15180492
14/3/2019,64.5,64.699997,64.300003,64.650002,62.923016,13022202
15/3/2019,64.5,65.099998,64.5,64.849998,63.117672,16445426
18/3/2019,64.949997,65.199997,64.699997,65.099998,63.361,17084671
19/3/2019,65.099998,65.400002,65.099998,65.349998,63.604317,13800371
20/3/2019,65.050003,65.150002,64.800003,65.050003,63.312336,16827986
21/3/2019,65.099998,65.199997,64.800003,64.800003,63.069016,17954998
22/3/2019,65,65,64.300003,64.75,63.020351,16608194
25/3/2019,63.849998,64.050003,63.700001,63.700001,61.998394,40486827
26/3/2019,64,64.099998,63.799999,63.900002,62.193054,14538300
27/3/2019,63.849998,64,63.799999,63.849998,62.144386,23080176
28/3/2019,63.650002,63.950001,63.650002,63.700001,61.998394,19325936
29/3/2019,63.700001,64.050003,63.700001,63.900002,62.193054,14013522
1/4/2019,64.150002,64.800003,64.099998,64.75,63.020351,20610944
2/4/2019,65.050003,65.5,65.050003,65.449997,63.701645,29102893
3/4/2019,66.150002,66.599998,66,66.400002,64.626282,43821179
4/4/2019,66.699997,66.949997,66.199997,66.5,64.723595,28689527
8/4/2019,66.550003,67,66.449997,66.699997,64.918259,17767223
9/4/2019,67,67,66.599998,67,65.210236,19765001
10/4/2019,66.800003,66.949997,66.5,66.949997,65.161575,13952939
11/4/2019,66.900002,66.949997,66.300003,66.599998,64.820923,15217993
12/4/2019,66.599998,66.900002,66.5,66.900002,65.112923,11869128
15/4/2019,67.5,67.800003,67.099998,67.099998,65.307571,20520188
16/4/2019,66.800003,67.699997,66.800003,67.599998,65.794212,14092313
17/4/2019,67.699997,67.949997,67.449997,67.849998,66.037529,17999581
18/4/2019,67.949997,68,67.550003,67.599998,65.794212,14176761
23/4/2019,67.25,67.900002,67.25,67.699997,65.891541,10364545
24/4/2019,67.599998,67.75,66.949997,67.199997,65.4049,11744766
25/4/2019,67,67.199997,66.699997,66.900002,65.112923,9377939
26/4/2019,66.699997,67.099998,66.699997,67,65.210236,8458146
29/4/2019,67.5,67.599998,67.25,67.449997,65.648224,12173434
30/4/2019,67.550003,67.75,67.400002,67.699997,65.891541,12370354
2/5/2019,67.849998,68.400002,67.800003,68.25,66.426849,25286724
3/5/2019,67.900002,70.5,67.550003,69.699997,67.838112,55674806
6/5/2019,68.5,68.849998,67.599998,68.099998,66.280853,37862198
7/5/2019,68.25,68.800003,68.099998,68.699997,66.86483,19457936
8/5/2019,67.599998,67.900002,67.349998,67.449997,65.648224,21418045
9/5/2019,67.199997,67.449997,66.400002,66.449997,64.674927,21447182
10/5/2019,67.050003,67.449997,66.099998,66.900002,65.112923,20761009
14/5/2019,66,66.650002,65.900002,66.300003,64.528946,21149015
15/5/2019,66.300003,66.849998,66.300003,66.699997,64.918259,16609386
16/5/2019,65.900002,66.25,65.75,66.099998,65.096779,12366045
17/5/2019,66,66.449997,65.400002,65.550003,64.55513,18126891
20/5/2019,65.5,65.650002,65,65.199997,64.210434,15197013
21/5/2019,65.099998,65.550003,65,65.099998,64.111961,13357735
22/5/2019,65.5,65.5,65.150002,65.300003,64.308929,6450895
23/5/2019,65.150002,65.349998,64.900002,65.25,64.259682,16422925
24/5/2019,65.5,65.650002,65.300003,65.400002,64.407402,11096896
27/5/2019,65.5,65.650002,65.349998,65.449997,64.456642,8537156
28/5/2019,65.150002,65.5,65.150002,65.449997,64.456642,7627167
29/5/2019,65,65.400002,64.849998,64.849998,63.865749,12597856
30/5/2019,64.800003,65,64.449997,64.5,63.521065,17349231
31/5/2019,64.5,64.650002,64,64.050003,63.077896,16537962
3/6/2019,64,64.099998,63.150002,63.299999,62.339275,26324622
4/6/2019,63.799999,63.950001,63.5,63.700001,62.733204,15274817
5/6/2019,64.5,64.550003,64.050003,64.25,63.27486,14372043
6/6/2019,64,64.300003,63.849998,64.300003,63.3241,8995785
10/6/2019,64.5,65.25,64.5,65.25,64.259682,11741882
11/6/2019,65.199997,65.550003,65,65.449997,64.456642,10031271
12/6/2019,65.199997,65.199997,64.5,64.699997,63.718025,11702927
13/6/2019,64.400002,64.5,63.700001,64.300003,63.3241,21905440
14/6/2019,64.050003,64.300003,63.650002,63.799999,62.831688,25046301
17/6/2019,64.300003,64.650002,63.849998,64.199997,63.225616,18567908
18/6/2019,64,64.400002,63.900002,64.050003,63.077896,12044612
19/6/2019,64.949997,65.199997,64.75,65.150002,64.161201,16606390
20/6/2019,65,65.400002,65,65.199997,64.210434,11913135
21/6/2019,64.949997,64.949997,64.349998,64.650002,63.668785,17137080
24/6/2019,64.300003,64.75,64.199997,64.349998,63.373341,11437437
25/6/2019,64.349998,64.550003,64,64.099998,63.127132,11193149
26/6/2019,64.5,64.5,64,64.150002,63.176376,7975283
27/6/2019,64.599998,65.050003,64.199997,65.050003,64.062721,11936527
28/6/2019,65.050003,65.050003,64.599998,64.800003,63.816517,8752871
2/7/2019,65.349998,65.800003,65.25,65.349998,64.358162,17757714
3/7/2019,65.5,65.550003,65.25,65.5,64.50589,9840078
4/7/2019,65.699997,65.699997,65.150002,65.599998,64.60437,10982425
5/7/2019,65.400002,65.699997,65.400002,65.449997,64.456642,7539388
8/7/2019,65.199997,65.400002,64.699997,65,64.013474,15968478
9/7/2019,65.300003,65.300003,64.849998,64.900002,63.914997,9333008
10/7/2019,65.050003,65.400002,64.75,64.900002,63.914997,9750805
11/7/2019,65,65.5,65,65.199997,64.210434,7178970
12/7/2019,65.199997,65.349998,65.099998,65.199997,64.210434,5833437
15/7/2019,65,65.150002,64.650002,65,64.013474,10767909
16/7/2019,65.099998,65.300003,65,65.099998,64.111961,7113401
17/7/2019,65,65,64.800003,65,64.013474,6980029
18/7/2019,64.75,64.900002,64.599998,64.75,63.767273,9325515
19/7/2019,64.949997,65.199997,64.800003,65.050003,64.062721,8481864
22/7/2019,64.849998,64.849998,64.449997,64.449997,63.471817,11874724
23/7/2019,64.550003,64.900002,64.5,64.75,63.767273,7835690
24/7/2019,65.099998,65.400002,64.449997,64.699997,63.718025,11167792
25/7/2019,64.449997,64.699997,64.400002,64.650002,63.668785,12770248
26/7/2019,64.199997,64.300003,63.900002,64.25,63.27486,17063658
29/7/2019,64.050003,64.25,63.799999,63.900002,62.930172,19884602
30/7/2019,63.900002,64,63.75,63.799999,62.831688,15034042
31/7/2019,63.599998,63.599998,63.299999,63.349998,62.388515,11880623
1/8/2019,62.950001,63.25,62.950001,63.049999,62.093071,21704350
2/8/2019,62.5,62.700001,62.150002,62.150002,61.206734,37180216
5/8/2019,61.5,61.599998,61,61,60.074188,50137598
6/8/2019,59.799999,60.5,59.049999,60.299999,59.384808,57576664
7/8/2019,60,60.349998,59.849998,60.200001,59.286331,28095015
8/8/2019,60.099998,60.650002,60.049999,60.200001,59.286331,21726063
9/8/2019,60.200001,60.400002,60,60,59.089363,24048992
12/8/2019,59.400002,59.5,59,59.049999,58.153778,41863436
13/8/2019,58.099998,58.200001,57.599998,57.700001,56.824268,49316383
14/8/2019,58.5,58.549999,58,58,57.119717,35567046
15/8/2019,56.200001,56.849998,55.799999,56.799999,56.70224,49571041
16/8/2019,56.349998,56.549999,56.049999,56.5,56.402756,47862280
19/8/2019,56.950001,58.099998,56.950001,57.950001,57.850262,36632571
20/8/2019,57.299999,57.5,57,57.400002,57.301208,27527462
21/8/2019,57.099998,57.299999,57,57.200001,57.101551,22636964
22/8/2019,57,57.099998,56.799999,56.849998,56.752151,15989364
23/8/2019,57,57.349998,56.849998,57.099998,57.00172,11618984
26/8/2019,55.799999,56.200001,55.299999,56.200001,56.103271,38545207
27/8/2019,56.200001,56.349998,55.799999,56.049999,55.953529,20967181
28/8/2019,56,56.200001,55.799999,56.049999,55.953529,15584955
29/8/2019,55.950001,56.150002,55.650002,56.150002,56.05336,20362955
30/8/2019,56.450001,56.599998,55.950001,56.299999,56.203098,20440035
2/9/2019,56.150002,56.200001,55.700001,56.049999,55.953529,18184381
3/9/2019,55.950001,56.349998,55.900002,55.950001,55.853703,12569096
4/9/2019,56,58.400002,56,57.900002,57.800346,47683204
5/9/2019,57.700001,58.099998,57,57.5,57.401035,29114189
6/9/2019,58.049999,58.400002,57.75,57.900002,57.800346,33965313
9/9/2019,58,58.450001,58,58.200001,58.099831,22692462
10/9/2019,58.900002,59.299999,58.700001,58.900002,58.798626,28111243
11/9/2019,59.599998,60.75,59.549999,60.75,60.645439,49652434
12/9/2019,60.950001,60.950001,59.849998,60.25,60.146301,16448642
13/9/2019,60.5,60.75,60.200001,60.700001,60.595528,11716206
16/9/2019,61,61,60.5,60.599998,60.495697,20357733
17/9/2019,60.150002,60.200001,59.400002,59.75,59.647163,15169317
18/9/2019,59.75,60.049999,59.700001,59.849998,59.746986,7295510
19/9/2019,59.700001,60,59.099998,59.700001,59.597248,15575777
20/9/2019,60,60.400002,59.900002,60,59.896732,13068832
23/9/2019,59.799999,60.5,59.450001,59.5,59.397591,14643542
24/9/2019,59.75,60.299999,59.75,59.950001,59.846817,12563525
25/9/2019,59.75,60,59.299999,59.400002,59.297764,11934915
26/9/2019,59.299999,59.900002,59.299999,59.75,59.647163,10879188
27/9/2019,59.849998,60,59.700001,59.900002,59.796906,12205967
30/9/2019,59.799999,60.5,59.75,60.400002,60.296043,16966501
2/10/2019,59.549999,59.950001,59.450001,59.650002,59.547337,20900044
3/10/2019,58.450001,59.150002,58.400002,58.849998,58.748711,38437224
4/10/2019,58.849998,59,58,58.25,58.149742,26439403
8/10/2019,58.049999,59.150002,58,58.450001,58.3494,19452356
9/10/2019,57.700001,58.299999,57.599998,58.099998,58,37955195
10/10/2019,57.099998,57.900002,56.799999,57.450001,57.450001,25985179
11/10/2019,58,59.150002,57.799999,58.950001,58.950001,31732093
14/10/2019,59.849998,60.349998,59.75,59.950001,59.950001,37686670
15/10/2019,60,60.150002,59.549999,59.950001,59.950001,17282269
16/10/2019,60.150002,60.25,59.849998,60.099998,60.099998,16761532
17/10/2019,60.650002,61.200001,60.599998,60.900002,60.900002,22561675
18/10/2019,61,61.200001,60.599998,60.900002,60.900002,15942797
21/10/2019,60.650002,61.299999,60.650002,61.150002,61.150002,15089025
22/10/2019,61.400002,61.599998,61.150002,61.400002,61.400002,14219411
23/10/2019,61.5,61.599998,60.900002,61.200001,61.200001,13635562
24/10/2019,61.549999,61.950001,61.400002,61.849998,61.849998,15903442
25/10/2019,61.799999,61.950001,61.549999,61.650002,61.650002,10421912
28/10/2019,61.700001,62.299999,59.799999,60.25,60.25,52413557
29/10/2019,59.400002,59.599998,59.150002,59.450001,59.450001,32531540
30/10/2019,59.299999,59.5,59.200001,59.200001,59.200001,10656725
31/10/2019,59.299999,60,59.25,59.5,59.5,13088013
1/11/2019,58.900002,59.75,58.900002,59.599998,59.599998,10663691
4/11/2019,59.650002,60.150002,59.650002,60.099998,60.099998,21465219
5/11/2019,60.299999,60.400002,59.950001,60.099998,60.099998,14843111
6/11/2019,60.099998,60.5,60,60.349998,60.349998,10842803
7/11/2019,60.099998,60.450001,60,60.200001,60.200001,14258012
8/11/2019,60.049999,60.200001,59.900002,60.049999,60.049999,11412179
