date,price
12 Nov 2009,41.900002
13 Nov 2009,42.200001
16 Nov 2009,42.299999
17 Nov 2009,42
18 Nov 2009,41.75
19 Nov 2009,41.849998
20 Nov 2009,42.099998
23 Nov 2009,42.25
24 Nov 2009,41.849998
25 Nov 2009,41.900002
26 Nov 2009,41.950001
27 Nov 2009,41.650002
30 Nov 2009,42.099998
1 Dec 2009,42
2 Dec 2009,42.049999
3 Dec 2009,42.200001
4 Dec 2009,42.150002
7 Dec 2009,41.950001
8 Dec 2009,42.150002
9 Dec 2009,41.849998
10 Dec 2009,42.150002
11 Dec 2009,42.25
14 Dec 2009,42.349998
15 Dec 2009,42
16 Dec 2009,42.049999
17 Dec 2009,41.900002
18 Dec 2009,42.049999
21 Dec 2009,41.799999
22 Dec 2009,42
23 Dec 2009,42.200001
24 Dec 2009,42.150002
28 Dec 2009,42.200001
29 Dec 2009,42.150002
30 Dec 2009,42.25
31 Dec 2009,42.200001
4 Jan 2010,42.549999
5 Jan 2010,42.849998
6 Jan 2010,42.650002
7 Jan 2010,42.799999
8 Jan 2010,42.900002
11 Jan 2010,43.099998
12 Jan 2010,43.299999
13 Jan 2010,43.200001
14 Jan 2010,43.200001
15 Jan 2010,43.099998
18 Jan 2010,42.849998
19 Jan 2010,43
20 Jan 2010,42.549999
21 Jan 2010,42.849998
22 Jan 2010,42.900002
25 Jan 2010,43.450001
26 Jan 2010,43.599998
27 Jan 2010,43.200001
28 Jan 2010,43.099998
29 Jan 2010,43.450001
1 Feb 2010,43.299999
2 Feb 2010,43
3 Feb 2010,43.049999
4 Feb 2010,43.099998
5 Feb 2010,43.049999
8 Feb 2010,43.5
9 Feb 2010,43.650002
10 Feb 2010,43.650002
11 Feb 2010,43.650002
12 Feb 2010,43.450001
17 Feb 2010,43.349998
18 Feb 2010,43.299999
19 Feb 2010,43.299999
22 Feb 2010,43.299999
23 Feb 2010,43.549999
24 Feb 2010,43.650002
25 Feb 2010,43.349998
26 Feb 2010,43.450001
1 Mar 2010,44.400002
2 Mar 2010,45.049999
3 Mar 2010,43.950001
4 Mar 2010,44.599998
5 Mar 2010,44.849998
8 Mar 2010,45.150002
9 Mar 2010,45.450001
10 Mar 2010,45.75
11 Mar 2010,45.25
12 Mar 2010,45.349998
15 Mar 2010,45.450001
16 Mar 2010,45.549999
17 Mar 2010,45.75
18 Mar 2010,45.150002
19 Mar 2010,45.599998
22 Mar 2010,45.25
23 Mar 2010,45.450001
24 Mar 2010,45.5
25 Mar 2010,45.299999
26 Mar 2010,45.849998
29 Mar 2010,46.200001
30 Mar 2010,45.799999
31 Mar 2010,46.049999
1 Apr 2010,46.450001
7 Apr 2010,46.299999
8 Apr 2010,45.900002
9 Apr 2010,46.450001
12 Apr 2010,46.200001
13 Apr 2010,46.75
14 Apr 2010,46.25
15 Apr 2010,46.5
16 Apr 2010,46.549999
19 Apr 2010,46.900002
20 Apr 2010,46.700001
21 Apr 2010,47.200001
22 Apr 2010,48.200001
23 Apr 2010,48.599998
26 Apr 2010,49.549999
27 Apr 2010,47.150002
28 Apr 2010,46.400002
29 Apr 2010,46
30 Apr 2010,45.900002
3 May 2010,46.099998
4 May 2010,45.349998
5 May 2010,45.900002
6 May 2010,45.650002
7 May 2010,45.150002
10 May 2010,44.799999
11 May 2010,44.75
12 May 2010,44.950001
13 May 2010,45
14 May 2010,45.150002
17 May 2010,45.900002
18 May 2010,47.299999
19 May 2010,48
20 May 2010,48.599998
24 May 2010,47.799999
25 May 2010,47.700001
26 May 2010,47
27 May 2010,46.5
28 May 2010,46.049999
31 May 2010,46.349998
1 Jun 2010,46.5
2 Jun 2010,46.150002
3 Jun 2010,46.349998
4 Jun 2010,45.75
7 Jun 2010,45.799999
8 Jun 2010,46.099998
9 Jun 2010,46
10 Jun 2010,46.150002
11 Jun 2010,46.349998
14 Jun 2010,46.299999
15 Jun 2010,46.25
17 Jun 2010,46
18 Jun 2010,46.200001
21 Jun 2010,45.950001
22 Jun 2010,45.799999
23 Jun 2010,45.950001
24 Jun 2010,46.049999
25 Jun 2010,46.299999
28 Jun 2010,46.25
29 Jun 2010,46.200001
30 Jun 2010,46.450001
2 Jul 2010,46
5 Jul 2010,46
6 Jul 2010,46.349998
7 Jul 2010,46.049999
8 Jul 2010,46
9 Jul 2010,46.299999
12 Jul 2010,46.549999
13 Jul 2010,46.349998
14 Jul 2010,46.25
15 Jul 2010,46.150002
16 Jul 2010,46.450001
19 Jul 2010,46.150002
20 Jul 2010,46.450001
21 Jul 2010,46.200001
22 Jul 2010,46.900002
23 Jul 2010,46.650002
26 Jul 2010,46.700001
27 Jul 2010,46.299999
28 Jul 2010,46.599998
29 Jul 2010,46.75
30 Jul 2010,47.049999
2 Aug 2010,47.400002
3 Aug 2010,47.150002
4 Aug 2010,47.599998
5 Aug 2010,46.950001
6 Aug 2010,47
9 Aug 2010,47.299999
10 Aug 2010,47.25
11 Aug 2010,47.450001
12 Aug 2010,47.099998
13 Aug 2010,46.900002
16 Aug 2010,47.25
17 Aug 2010,47.599998
18 Aug 2010,47.450001
19 Aug 2010,47.349998
20 Aug 2010,47.450001
23 Aug 2010,47.900002
24 Aug 2010,47.400002
25 Aug 2010,47.400002
26 Aug 2010,46.650002
27 Aug 2010,47.049999
30 Aug 2010,47.25
31 Aug 2010,47.25
1 Sep 2010,47.450001
2 Sep 2010,47.25
3 Sep 2010,47.299999
6 Sep 2010,47.799999
7 Sep 2010,48.299999
8 Sep 2010,47.849998
9 Sep 2010,47.75
10 Sep 2010,47.950001
13 Sep 2010,48.450001
14 Sep 2010,47.700001
15 Sep 2010,48.049999
16 Sep 2010,47.799999
17 Sep 2010,48.150002
20 Sep 2010,47.900002
21 Sep 2010,47.400002
22 Sep 2010,47.950001
24 Sep 2010,47.650002
27 Sep 2010,47.5
28 Sep 2010,47.099998
29 Sep 2010,47.400002
30 Sep 2010,47.150002
4 Oct 2010,47.049999
5 Oct 2010,47.049999
6 Oct 2010,47.25
7 Oct 2010,47.599998
8 Oct 2010,48.150002
11 Oct 2010,48.200001
12 Oct 2010,48.299999
13 Oct 2010,49.200001
14 Oct 2010,49.099998
15 Oct 2010,48.700001
18 Oct 2010,48.599998
19 Oct 2010,49.299999
20 Oct 2010,49.900002
21 Oct 2010,49.799999
22 Oct 2010,49.450001
25 Oct 2010,50.650002
26 Oct 2010,49.900002
27 Oct 2010,48.799999
28 Oct 2010,48.900002
29 Oct 2010,49.25
1 Nov 2010,50.200001
2 Nov 2010,49.950001
3 Nov 2010,50.75
4 Nov 2010,50.75
5 Nov 2010,50.400002
8 Nov 2010,50.650002
9 Nov 2010,50.799999
10 Nov 2010,50.799999
11 Nov 2010,51.349998
12 Nov 2010,51.700001
15 Nov 2010,50.849998
16 Nov 2010,50.200001
17 Nov 2010,49.950001
18 Nov 2010,49.950001
19 Nov 2010,49.900002
22 Nov 2010,50.099998
23 Nov 2010,49.75
24 Nov 2010,49.950001
25 Nov 2010,49.950001
26 Nov 2010,49.650002
29 Nov 2010,50.049999
30 Nov 2010,49.950001
1 Dec 2010,50
2 Dec 2010,49.950001
3 Dec 2010,49.75
6 Dec 2010,50
7 Dec 2010,50
8 Dec 2010,49.700001
9 Dec 2010,49.950001
10 Dec 2010,50
13 Dec 2010,50.5
14 Dec 2010,50.150002
15 Dec 2010,49.75
16 Dec 2010,49.200001
17 Dec 2010,48.849998
20 Dec 2010,49.150002
21 Dec 2010,49.599998
22 Dec 2010,49.450001
23 Dec 2010,49.200001
24 Dec 2010,49.200001
28 Dec 2010,48.950001
29 Dec 2010,49.299999
30 Dec 2010,49.349998
31 Dec 2010,49
3 Jan 2011,49.5
4 Jan 2011,49.549999
5 Jan 2011,49.599998
6 Jan 2011,49.5
7 Jan 2011,49.5
10 Jan 2011,49.150002
11 Jan 2011,49.150002
12 Jan 2011,49.349998
13 Jan 2011,49.849998
14 Jan 2011,49.400002
17 Jan 2011,49.599998
18 Jan 2011,49.549999
19 Jan 2011,49.849998
20 Jan 2011,49.549999
21 Jan 2011,49.25
24 Jan 2011,49.650002
25 Jan 2011,49.549999
26 Jan 2011,49.349998
27 Jan 2011,49.549999
28 Jan 2011,49.549999
31 Jan 2011,49.400002
1 Feb 2011,49.799999
2 Feb 2011,50.200001
7 Feb 2011,49.950001
8 Feb 2011,50
9 Feb 2011,50
10 Feb 2011,50.299999
11 Feb 2011,50.099998
14 Feb 2011,50.200001
15 Feb 2011,49.950001
16 Feb 2011,50.099998
17 Feb 2011,50.049999
18 Feb 2011,50.849998
21 Feb 2011,52.200001
22 Feb 2011,51.5
23 Feb 2011,51.5
24 Feb 2011,51.099998
25 Feb 2011,51.299999
28 Feb 2011,50.849998
1 Mar 2011,51.200001
2 Mar 2011,51.099998
3 Mar 2011,51.25
4 Mar 2011,51
7 Mar 2011,51.299999
8 Mar 2011,51.849998
9 Mar 2011,52.349998
10 Mar 2011,52.900002
11 Mar 2011,52.450001
14 Mar 2011,52.049999
15 Mar 2011,51.200001
16 Mar 2011,51.150002
17 Mar 2011,51.049999
18 Mar 2011,50.150002
21 Mar 2011,50.900002
22 Mar 2011,51.150002
23 Mar 2011,50.849998
24 Mar 2011,50.5
25 Mar 2011,50.5
28 Mar 2011,50.849998
29 Mar 2011,51.450001
30 Mar 2011,52.150002
31 Mar 2011,52
1 Apr 2011,52
4 Apr 2011,52.299999
6 Apr 2011,52.799999
7 Apr 2011,52.799999
8 Apr 2011,52.549999
11 Apr 2011,52.549999
12 Apr 2011,52.900002
13 Apr 2011,53.700001
14 Apr 2011,53.599998
15 Apr 2011,53.049999
18 Apr 2011,54.299999
19 Apr 2011,54.049999
20 Apr 2011,53.849998
21 Apr 2011,54.049999
26 Apr 2011,53.75
27 Apr 2011,53.900002
28 Apr 2011,53.75
29 Apr 2011,54.349998
3 May 2011,55.25
4 May 2011,55
5 May 2011,55
6 May 2011,52.299999
9 May 2011,52.75
11 May 2011,52.599998
12 May 2011,52.450001
13 May 2011,54.25
16 May 2011,53.799999
17 May 2011,53.650002
18 May 2011,53.849998
19 May 2011,54.200001
20 May 2011,54.25
23 May 2011,53.5
24 May 2011,53.799999
25 May 2011,53.900002
26 May 2011,54.049999
27 May 2011,54.599998
30 May 2011,54.599998
31 May 2011,55.549999
1 Jun 2011,56.299999
2 Jun 2011,55.200001
3 Jun 2011,54.549999
7 Jun 2011,55.700001
8 Jun 2011,55.400002
9 Jun 2011,55.950001
10 Jun 2011,55.549999
13 Jun 2011,55.700001
14 Jun 2011,56
15 Jun 2011,56.950001
16 Jun 2011,56.349998
17 Jun 2011,55.049999
20 Jun 2011,55.650002
21 Jun 2011,56.25
22 Jun 2011,57.200001
23 Jun 2011,56.299999
24 Jun 2011,57.150002
27 Jun 2011,58.5
28 Jun 2011,59
29 Jun 2011,58
30 Jun 2011,58.900002
4 Jul 2011,58.349998
5 Jul 2011,57.349998
6 Jul 2011,57.900002
7 Jul 2011,57.5
8 Jul 2011,58.5
11 Jul 2011,58.049999
12 Jul 2011,57.650002
13 Jul 2011,58
14 Jul 2011,58.200001
15 Jul 2011,58.650002
18 Jul 2011,59.049999
19 Jul 2011,59.5
20 Jul 2011,59.650002
21 Jul 2011,58.75
22 Jul 2011,59.599998
25 Jul 2011,59.450001
26 Jul 2011,60.400002
27 Jul 2011,60.849998
28 Jul 2011,63.299999
29 Jul 2011,64.5
1 Aug 2011,62.849998
2 Aug 2011,61.950001
3 Aug 2011,61.25
4 Aug 2011,60.599998
5 Aug 2011,58.75
8 Aug 2011,57.900002
9 Aug 2011,57.75
10 Aug 2011,57.099998
11 Aug 2011,57.299999
12 Aug 2011,56.950001
15 Aug 2011,57.25
16 Aug 2011,58.099998
17 Aug 2011,59.349998
18 Aug 2011,59.200001
19 Aug 2011,57.799999
22 Aug 2011,59.150002
23 Aug 2011,61.400002
24 Aug 2011,61.450001
25 Aug 2011,61
26 Aug 2011,61.400002
29 Aug 2011,62
30 Aug 2011,61.200001
31 Aug 2011,60.400002
1 Sep 2011,61.049999
2 Sep 2011,60.799999
5 Sep 2011,59.549999
6 Sep 2011,60.25
7 Sep 2011,61.400002
8 Sep 2011,60.849998
9 Sep 2011,61.349998
12 Sep 2011,60.099998
14 Sep 2011,61.400002
15 Sep 2011,63.799999
16 Sep 2011,62.450001
19 Sep 2011,62
20 Sep 2011,62.900002
21 Sep 2011,62.349998
22 Sep 2011,61.5
23 Sep 2011,60.549999
26 Sep 2011,62.099998
27 Sep 2011,61.5
28 Sep 2011,60.5
30 Sep 2011,59.849998
3 Oct 2011,60.25
4 Oct 2011,61.599998
6 Oct 2011,61.950001
7 Oct 2011,61.150002
10 Oct 2011,60.950001
11 Oct 2011,59.349998
12 Oct 2011,58.400002
13 Oct 2011,57.099998
14 Oct 2011,58.299999
17 Oct 2011,57.900002
18 Oct 2011,58.5
19 Oct 2011,58.099998
20 Oct 2011,58.450001
21 Oct 2011,60.099998
24 Oct 2011,60.700001
25 Oct 2011,60.400002
26 Oct 2011,59.900002
27 Oct 2011,58.700001
28 Oct 2011,59.25
31 Oct 2011,59.349998
1 Nov 2011,59.299999
2 Nov 2011,59.849998
3 Nov 2011,58.849998
4 Nov 2011,59.099998
7 Nov 2011,59
8 Nov 2011,59.150002
9 Nov 2011,59.5
10 Nov 2011,59.549999
11 Nov 2011,59.5
14 Nov 2011,59.650002
15 Nov 2011,59.200001
16 Nov 2011,59.450001
17 Nov 2011,59.549999
18 Nov 2011,59.450001
21 Nov 2011,59.900002
22 Nov 2011,59.950001
23 Nov 2011,59.349998
24 Nov 2011,59.700001
25 Nov 2011,59.099998
28 Nov 2011,59.599998
29 Nov 2011,59.049999
30 Nov 2011,57.599998
1 Dec 2011,58.549999
2 Dec 2011,57.799999
5 Dec 2011,57.5
6 Dec 2011,56.75
7 Dec 2011,57.5
8 Dec 2011,57.150002
9 Dec 2011,56.700001
12 Dec 2011,56.650002
13 Dec 2011,56.700001
14 Dec 2011,57.599998
15 Dec 2011,56.599998
16 Dec 2011,56.950001
19 Dec 2011,57.549999
20 Dec 2011,57.75
21 Dec 2011,57.25
22 Dec 2011,56.849998
23 Dec 2011,57.049999
24 Dec 2011,null
28 Dec 2011,57.450001
29 Dec 2011,56.950001
30 Dec 2011,57.450001
31 Dec 2011,null
3 Jan 2012,57.950001
4 Jan 2012,58.099998
5 Jan 2012,58.099998
6 Jan 2012,57.700001
9 Jan 2012,57.900002
10 Jan 2012,58.150002
11 Jan 2012,57.349998
12 Jan 2012,56.549999
13 Jan 2012,56.25
16 Jan 2012,55.450001
17 Jan 2012,55.549999
18 Jan 2012,54.049999
19 Jan 2012,53.549999
20 Jan 2012,53.299999
26 Jan 2012,53.450001
27 Jan 2012,54.700001
30 Jan 2012,55.849998
31 Jan 2012,55.950001
1 Feb 2012,56.099998
2 Feb 2012,55.900002
3 Feb 2012,55.900002
6 Feb 2012,56.099998
7 Feb 2012,55.950001
8 Feb 2012,56.150002
9 Feb 2012,55.599998
10 Feb 2012,55.950001
13 Feb 2012,55.799999
14 Feb 2012,55.349998
15 Feb 2012,55.5
16 Feb 2012,55.599998
17 Feb 2012,55.950001
20 Feb 2012,55.5
21 Feb 2012,55.650002
22 Feb 2012,55.75
23 Feb 2012,56.200001
24 Feb 2012,56.099998
27 Feb 2012,55.799999
28 Feb 2012,56.849998
29 Feb 2012,58.099998
1 Mar 2012,57.900002
2 Mar 2012,58.049999
5 Mar 2012,58.049999
6 Mar 2012,57.200001
7 Mar 2012,57.450001
8 Mar 2012,58.75
9 Mar 2012,59.150002
12 Mar 2012,59.299999
13 Mar 2012,59.5
14 Mar 2012,58.900002
15 Mar 2012,58.150002
16 Mar 2012,58.299999
20 Mar 2012,57.099998
21 Mar 2012,56.849998
22 Mar 2012,56.900002
23 Mar 2012,56.349998
26 Mar 2012,56.75
27 Mar 2012,57.349998
28 Mar 2012,57.400002
29 Mar 2012,57
30 Mar 2012,57
2 Apr 2012,57.049999
3 Apr 2012,57.400002
5 Apr 2012,57.299999
10 Apr 2012,57.049999
11 Apr 2012,57.049999
12 Apr 2012,57
13 Apr 2012,57.200001
16 Apr 2012,57.650002
17 Apr 2012,57.799999
18 Apr 2012,58.349998
19 Apr 2012,57.900002
20 Apr 2012,57.5
23 Apr 2012,57.150002
24 Apr 2012,57.150002
25 Apr 2012,57.099998
26 Apr 2012,57.299999
27 Apr 2012,57.450001
30 Apr 2012,58
2 May 2012,58.650002
3 May 2012,58.900002
4 May 2012,58.75
7 May 2012,58
8 May 2012,58.75
9 May 2012,58.400002
10 May 2012,58.400002
11 May 2012,58.299999
14 May 2012,58
15 May 2012,58.5
16 May 2012,57.599998
17 May 2012,57.150002
18 May 2012,58.099998
21 May 2012,57.950001
22 May 2012,57.650002
23 May 2012,57.700001
24 May 2012,57.75
25 May 2012,55.25
28 May 2012,54.599998
29 May 2012,54.700001
30 May 2012,53.75
31 May 2012,54.25
1 Jun 2012,54.099998
4 Jun 2012,54.400002
5 Jun 2012,54.450001
6 Jun 2012,54.450001
7 Jun 2012,54.799999
8 Jun 2012,54.5
11 Jun 2012,55.299999
12 Jun 2012,55.75
13 Jun 2012,55.650002
14 Jun 2012,55.400002
15 Jun 2012,55.950001
18 Jun 2012,56.599998
19 Jun 2012,57.150002
20 Jun 2012,56.599998
21 Jun 2012,56.599998
22 Jun 2012,56
25 Jun 2012,56.650002
26 Jun 2012,57.150002
27 Jun 2012,57.849998
28 Jun 2012,57.5
29 Jun 2012,58.099998
3 Jul 2012,58.599998
4 Jul 2012,58.599998
5 Jul 2012,58.599998
6 Jul 2012,58.900002
9 Jul 2012,58.900002
10 Jul 2012,58.75
11 Jul 2012,58.799999
12 Jul 2012,58.099998
13 Jul 2012,58.150002
16 Jul 2012,58.450001
17 Jul 2012,59.25
18 Jul 2012,59.299999
19 Jul 2012,60
20 Jul 2012,60.450001
23 Jul 2012,60.200001
24 Jul 2012,60.200001
25 Jul 2012,59.25
26 Jul 2012,59.299999
27 Jul 2012,59.900002
30 Jul 2012,60.950001
31 Jul 2012,61
1 Aug 2012,61.450001
2 Aug 2012,62
3 Aug 2012,61.75
6 Aug 2012,61
7 Aug 2012,61.049999
8 Aug 2012,60.549999
9 Aug 2012,60.950001
10 Aug 2012,61.299999
13 Aug 2012,61.950001
14 Aug 2012,62.700001
15 Aug 2012,63.299999
16 Aug 2012,63.25
17 Aug 2012,61.549999
20 Aug 2012,62
21 Aug 2012,62.049999
22 Aug 2012,61.799999
23 Aug 2012,61.599998
24 Aug 2012,61.049999
27 Aug 2012,61.450001
28 Aug 2012,61.150002
29 Aug 2012,61.099998
30 Aug 2012,62.25
31 Aug 2012,62.849998
3 Sep 2012,61.299999
4 Sep 2012,61
5 Sep 2012,60.950001
6 Sep 2012,61.75
7 Sep 2012,63.549999
10 Sep 2012,63.5
11 Sep 2012,63.799999
12 Sep 2012,63.950001
13 Sep 2012,62.700001
14 Sep 2012,62.75
17 Sep 2012,63.25
18 Sep 2012,63.599998
19 Sep 2012,64.300003
20 Sep 2012,64.949997
21 Sep 2012,64.449997
24 Sep 2012,64.5
25 Sep 2012,64.199997
26 Sep 2012,64.300003
27 Sep 2012,64.150002
28 Sep 2012,65.849998
3 Oct 2012,67.099998
4 Oct 2012,66.800003
5 Oct 2012,66.300003
8 Oct 2012,66.099998
9 Oct 2012,66.550003
10 Oct 2012,66.300003
11 Oct 2012,65.300003
12 Oct 2012,66.550003
15 Oct 2012,66.199997
16 Oct 2012,65.449997
17 Oct 2012,65.199997
18 Oct 2012,64.5
19 Oct 2012,64
22 Oct 2012,64.400002
24 Oct 2012,65.050003
25 Oct 2012,65.75
26 Oct 2012,65.650002
29 Oct 2012,65.650002
30 Oct 2012,65.75
31 Oct 2012,65.900002
1 Nov 2012,65.900002
2 Nov 2012,66.599998
5 Nov 2012,66.900002
6 Nov 2012,67.800003
7 Nov 2012,67.849998
8 Nov 2012,66.75
9 Nov 2012,66.400002
12 Nov 2012,66.5
13 Nov 2012,66.349998
14 Nov 2012,66.650002
15 Nov 2012,66.849998
16 Nov 2012,66.849998
19 Nov 2012,67.900002
20 Nov 2012,67.699997
21 Nov 2012,67.650002
22 Nov 2012,68.699997
23 Nov 2012,68.300003
26 Nov 2012,68.150002
27 Nov 2012,68.099998
28 Nov 2012,67.849998
29 Nov 2012,68.5
30 Nov 2012,68.199997
3 Dec 2012,68.349998
4 Dec 2012,67.550003
5 Dec 2012,68
6 Dec 2012,68
7 Dec 2012,67.099998
10 Dec 2012,67.900002
11 Dec 2012,67.5
12 Dec 2012,66.75
13 Dec 2012,65.849998
14 Dec 2012,66.349998
17 Dec 2012,66
18 Dec 2012,65.75
19 Dec 2012,65
20 Dec 2012,64.949997
21 Dec 2012,65.150002
24 Dec 2012,65.75
27 Dec 2012,66.050003
28 Dec 2012,65.800003
31 Dec 2012,66.199997
2 Jan 2013,66.900002
3 Jan 2013,65.550003
4 Jan 2013,65.599998
7 Jan 2013,65.199997
8 Jan 2013,65.599998
9 Jan 2013,66.099998
10 Jan 2013,65.599998
11 Jan 2013,65.5
14 Jan 2013,65.5
15 Jan 2013,65.650002
16 Jan 2013,65.449997
17 Jan 2013,65.300003
18 Jan 2013,65.550003
21 Jan 2013,65.849998
22 Jan 2013,65.949997
23 Jan 2013,65.650002
24 Jan 2013,66.150002
25 Jan 2013,66.400002
28 Jan 2013,66.599998
29 Jan 2013,66.900002
30 Jan 2013,66.75
31 Jan 2013,67.199997
1 Feb 2013,67
4 Feb 2013,67.800003
5 Feb 2013,67.650002
6 Feb 2013,68.75
7 Feb 2013,69.099998
8 Feb 2013,69.550003
14 Feb 2013,70.199997
15 Feb 2013,71.199997
18 Feb 2013,70.099998
19 Feb 2013,70.849998
20 Feb 2013,71.25
21 Feb 2013,69.900002
22 Feb 2013,70.800003
25 Feb 2013,70.150002
26 Feb 2013,70.949997
27 Feb 2013,68.650002
28 Feb 2013,69.150002
1 Mar 2013,70.050003
4 Mar 2013,69.650002
5 Mar 2013,69.949997
6 Mar 2013,70.699997
7 Mar 2013,71.650002
8 Mar 2013,72.699997
11 Mar 2013,72.849998
12 Mar 2013,71.699997
13 Mar 2013,71
14 Mar 2013,72
15 Mar 2013,70.900002
18 Mar 2013,71.25
19 Mar 2013,72.800003
20 Mar 2013,71.150002
21 Mar 2013,71.800003
22 Mar 2013,71.199997
25 Mar 2013,71.199997
26 Mar 2013,71.599998
27 Mar 2013,72.050003
28 Mar 2013,73.25
2 Apr 2013,73.699997
3 Apr 2013,74.550003
5 Apr 2013,73.349998
8 Apr 2013,73.199997
9 Apr 2013,72.949997
10 Apr 2013,73.949997
11 Apr 2013,73.849998
12 Apr 2013,74.400002
15 Apr 2013,73.599998
16 Apr 2013,73.650002
17 Apr 2013,73.050003
18 Apr 2013,73.050003
19 Apr 2013,73.050003
22 Apr 2013,73.650002
23 Apr 2013,73.400002
24 Apr 2013,73.5
25 Apr 2013,74
26 Apr 2013,74.5
29 Apr 2013,75.099998
30 Apr 2013,75.800003
2 May 2013,75
3 May 2013,75.849998
6 May 2013,76.199997
7 May 2013,75.800003
8 May 2013,77.099998
9 May 2013,77.199997
10 May 2013,77.550003
13 May 2013,77.849998
14 May 2013,77.449997
15 May 2013,77.849998
16 May 2013,78.400002
20 May 2013,79.949997
21 May 2013,79.099998
22 May 2013,73.900002
23 May 2013,73.550003
24 May 2013,73.199997
27 May 2013,74.25
28 May 2013,74.75
29 May 2013,73.199997
30 May 2013,70.5
31 May 2013,68.349998
3 Jun 2013,69.150002
4 Jun 2013,68.900002
5 Jun 2013,67.650002
6 Jun 2013,67.150002
7 Jun 2013,66.949997
10 Jun 2013,67.199997
11 Jun 2013,67
13 Jun 2013,67.199997
14 Jun 2013,67.550003
17 Jun 2013,69.550003
18 Jun 2013,68.800003
19 Jun 2013,68.099998
20 Jun 2013,66.5
21 Jun 2013,67
24 Jun 2013,66.550003
25 Jun 2013,66.25
26 Jun 2013,66.699997
27 Jun 2013,67.550003
28 Jun 2013,66.900002
2 Jul 2013,68.300003
3 Jul 2013,66.599998
4 Jul 2013,68.050003
5 Jul 2013,68.300003
8 Jul 2013,66.849998
9 Jul 2013,68.599998
10 Jul 2013,68.800003
11 Jul 2013,70.650002
12 Jul 2013,69.199997
15 Jul 2013,68.650002
16 Jul 2013,68.300003
17 Jul 2013,69.5
18 Jul 2013,68.849998
19 Jul 2013,68.699997
22 Jul 2013,68.800003
23 Jul 2013,69.650002
24 Jul 2013,69.699997
25 Jul 2013,69.25
26 Jul 2013,69.300003
29 Jul 2013,69.5
30 Jul 2013,69.449997
31 Jul 2013,69.650002
1 Aug 2013,71.25
2 Aug 2013,71.599998
5 Aug 2013,71.300003
6 Aug 2013,70.300003
7 Aug 2013,69
8 Aug 2013,69.75
9 Aug 2013,69.650002
12 Aug 2013,69.949997
13 Aug 2013,70.300003
14 Aug 2013,70.300003
15 Aug 2013,71.300003
16 Aug 2013,70.900002
19 Aug 2013,71.150002
20 Aug 2013,69.849998
21 Aug 2013,69.25
22 Aug 2013,68.449997
23 Aug 2013,67.099998
26 Aug 2013,68.099998
27 Aug 2013,67
28 Aug 2013,65.800003
29 Aug 2013,66.099998
30 Aug 2013,66.849998
2 Sep 2013,67.849998
3 Sep 2013,67.699997
4 Sep 2013,67.650002
5 Sep 2013,68.900002
6 Sep 2013,68.349998
9 Sep 2013,67.849998
10 Sep 2013,67.300003
11 Sep 2013,66.550003
12 Sep 2013,66.25
13 Sep 2013,66.050003
16 Sep 2013,66.900002
17 Sep 2013,67.699997
18 Sep 2013,67.650002
19 Sep 2013,68
23 Sep 2013,68.050003
24 Sep 2013,68.099998
25 Sep 2013,67.900002
26 Sep 2013,67.300003
27 Sep 2013,67.650002
30 Sep 2013,69.400002
2 Oct 2013,68.400002
3 Oct 2013,68.050003
4 Oct 2013,67.900002
7 Oct 2013,67.949997
8 Oct 2013,68.099998
9 Oct 2013,67.599998
10 Oct 2013,67.550003
11 Oct 2013,68.099998
15 Oct 2013,67.550003
16 Oct 2013,67.349998
17 Oct 2013,66.650002
18 Oct 2013,66.300003
21 Oct 2013,66.400002
22 Oct 2013,66.199997
23 Oct 2013,66.400002
24 Oct 2013,65.900002
25 Oct 2013,65.150002
28 Oct 2013,64.949997
29 Oct 2013,65.449997
30 Oct 2013,65.400002
31 Oct 2013,64.599998
1 Nov 2013,64.199997
4 Nov 2013,64.050003
5 Nov 2013,63.150002
6 Nov 2013,63.25
7 Nov 2013,63.200001
8 Nov 2013,62.900002
11 Nov 2013,63.049999
12 Nov 2013,62.549999
13 Nov 2013,61.900002
14 Nov 2013,61.5
15 Nov 2013,61.75
18 Nov 2013,62.75
19 Nov 2013,62.049999
20 Nov 2013,62.849998
21 Nov 2013,62.700001
22 Nov 2013,62.75
25 Nov 2013,62.849998
26 Nov 2013,62.950001
27 Nov 2013,63.200001
28 Nov 2013,62.900002
29 Nov 2013,63
2 Dec 2013,63.349998
3 Dec 2013,62.75
4 Dec 2013,62.799999
5 Dec 2013,62.349998
6 Dec 2013,61.799999
9 Dec 2013,62
10 Dec 2013,61.25
11 Dec 2013,60.599998
12 Dec 2013,59.950001
13 Dec 2013,58.950001
16 Dec 2013,59.650002
17 Dec 2013,59.950001
18 Dec 2013,60.75
19 Dec 2013,59.950001
20 Dec 2013,61
23 Dec 2013,61.150002
24 Dec 2013,61.450001
27 Dec 2013,61.599998
30 Dec 2013,61.650002
31 Dec 2013,61.650002
2 Jan 2014,61.799999
3 Jan 2014,60.799999
6 Jan 2014,59.900002
7 Jan 2014,59.099998
8 Jan 2014,59.349998
9 Jan 2014,59.099998
10 Jan 2014,60
13 Jan 2014,59.150002
14 Jan 2014,59.950001
15 Jan 2014,59.599998
16 Jan 2014,59.450001
17 Jan 2014,60.349998
20 Jan 2014,60.700001
21 Jan 2014,60.650002
22 Jan 2014,61.299999
23 Jan 2014,62.799999
24 Jan 2014,62.400002
27 Jan 2014,61.950001
28 Jan 2014,60.650002
29 Jan 2014,59.450001
30 Jan 2014,58.299999
4 Feb 2014,59.099998
5 Feb 2014,58.049999
6 Feb 2014,59.25
7 Feb 2014,60.599998
10 Feb 2014,61.349998
11 Feb 2014,61.849998
12 Feb 2014,61.900002
13 Feb 2014,62
14 Feb 2014,62.900002
17 Feb 2014,62.299999
18 Feb 2014,62.650002
19 Feb 2014,62.200001
20 Feb 2014,62.349998
21 Feb 2014,62.75
24 Feb 2014,62.950001
25 Feb 2014,62.849998
26 Feb 2014,64.599998
27 Feb 2014,65.199997
28 Feb 2014,64.849998
3 Mar 2014,64.75
4 Mar 2014,64.949997
5 Mar 2014,64.449997
6 Mar 2014,64.949997
7 Mar 2014,64.650002
10 Mar 2014,63.900002
11 Mar 2014,63.849998
12 Mar 2014,63.599998
13 Mar 2014,63.900002
14 Mar 2014,63.650002
17 Mar 2014,64.050003
18 Mar 2014,63.799999
19 Mar 2014,63.900002
20 Mar 2014,63.700001
21 Mar 2014,63.950001
24 Mar 2014,64.300003
25 Mar 2014,64.599998
26 Mar 2014,65.75
27 Mar 2014,66.949997
28 Mar 2014,67.550003
31 Mar 2014,67.25
1 Apr 2014,67.849998
2 Apr 2014,67.150002
3 Apr 2014,67.949997
4 Apr 2014,68.300003
7 Apr 2014,67.449997
8 Apr 2014,68.099998
9 Apr 2014,68.949997
10 Apr 2014,69.25
11 Apr 2014,68.449997
14 Apr 2014,69.199997
15 Apr 2014,69.300003
16 Apr 2014,69.900002
17 Apr 2014,69.550003
22 Apr 2014,69.949997
23 Apr 2014,69.949997
24 Apr 2014,67.75
25 Apr 2014,66.099998
28 Apr 2014,67.199997
29 Apr 2014,68.099998
30 Apr 2014,67
2 May 2014,68.349998
5 May 2014,67.599998
7 May 2014,67.150002
8 May 2014,66.150002
9 May 2014,67.25
12 May 2014,69.300003
13 May 2014,69.550003
14 May 2014,69.849998
15 May 2014,69.75
16 May 2014,69.650002
19 May 2014,69.800003
20 May 2014,67.900002
21 May 2014,68
22 May 2014,67.650002
23 May 2014,67.75
26 May 2014,67.050003
27 May 2014,66.949997
28 May 2014,66.5
29 May 2014,66.650002
30 May 2014,67.5
3 Jun 2014,67.150002
4 Jun 2014,67.599998
5 Jun 2014,66.650002
6 Jun 2014,66.400002
9 Jun 2014,66.449997
10 Jun 2014,66.449997
11 Jun 2014,65.449997
12 Jun 2014,65.75
13 Jun 2014,66.5
16 Jun 2014,67
17 Jun 2014,66.800003
18 Jun 2014,66.800003
19 Jun 2014,66.400002
20 Jun 2014,66
23 Jun 2014,65.25
24 Jun 2014,66.5
25 Jun 2014,66.650002
26 Jun 2014,67.949997
27 Jun 2014,68.349998
30 Jun 2014,67.75
2 Jul 2014,68.949997
3 Jul 2014,68.199997
4 Jul 2014,68.25
7 Jul 2014,68.150002
8 Jul 2014,68.400002
9 Jul 2014,67.5
10 Jul 2014,67.550003
11 Jul 2014,68
14 Jul 2014,67.699997
15 Jul 2014,68.25
16 Jul 2014,68.800003
17 Jul 2014,68.849998
18 Jul 2014,68.650002
21 Jul 2014,68.949997
22 Jul 2014,69.5
23 Jul 2014,70.099998
24 Jul 2014,70.599998
25 Jul 2014,69.550003
28 Jul 2014,69.349998
29 Jul 2014,68.449997
30 Jul 2014,69.199997
31 Jul 2014,69.349998
1 Aug 2014,69.650002
4 Aug 2014,69.400002
5 Aug 2014,69.300003
6 Aug 2014,69.449997
7 Aug 2014,70.800003
8 Aug 2014,70.75
11 Aug 2014,71.400002
12 Aug 2014,71.699997
13 Aug 2014,72.25
14 Aug 2014,71.5
15 Aug 2014,72.449997
18 Aug 2014,72.75
19 Aug 2014,73.099998
20 Aug 2014,74.5
21 Aug 2014,74.449997
22 Aug 2014,74.449997
25 Aug 2014,73.5
26 Aug 2014,73.199997
27 Aug 2014,73.300003
28 Aug 2014,72.400002
29 Aug 2014,70.599998
1 Sep 2014,72.599998
2 Sep 2014,72.150002
3 Sep 2014,74.099998
4 Sep 2014,74
5 Sep 2014,73.699997
8 Sep 2014,72.400002
10 Sep 2014,72.199997
11 Sep 2014,71.800003
12 Sep 2014,71
15 Sep 2014,69.75
16 Sep 2014,69.449997
17 Sep 2014,69.849998
18 Sep 2014,69.099998
19 Sep 2014,68.699997
22 Sep 2014,68.449997
23 Sep 2014,68.75
24 Sep 2014,69.900002
25 Sep 2014,69.5
26 Sep 2014,69.849998
29 Sep 2014,69.099998
30 Sep 2014,68.650002
3 Oct 2014,69.400002
6 Oct 2014,69.400002
7 Oct 2014,70.300003
8 Oct 2014,69.949997
9 Oct 2014,70.800003
10 Oct 2014,70
13 Oct 2014,71.25
14 Oct 2014,72.099998
15 Oct 2014,72.449997
16 Oct 2014,72.150002
17 Oct 2014,72
20 Oct 2014,72.25
21 Oct 2014,72.349998
22 Oct 2014,73
23 Oct 2014,72.699997
24 Oct 2014,72.599998
27 Oct 2014,73.300003
28 Oct 2014,74.400002
29 Oct 2014,73.900002
30 Oct 2014,74.400002
31 Oct 2014,74.849998
3 Nov 2014,74.150002
4 Nov 2014,74.449997
5 Nov 2014,75.349998
6 Nov 2014,75.150002
7 Nov 2014,73.75
10 Nov 2014,74.949997
11 Nov 2014,75.900002
12 Nov 2014,75.449997
13 Nov 2014,75.949997
14 Nov 2014,76.050003
17 Nov 2014,74.849998
18 Nov 2014,73.449997
19 Nov 2014,72.849998
20 Nov 2014,72.550003
21 Nov 2014,72.199997
24 Nov 2014,72.099998
25 Nov 2014,71.550003
26 Nov 2014,74.300003
27 Nov 2014,73.25
28 Nov 2014,74.050003
1 Dec 2014,72.349998
2 Dec 2014,73.25
3 Dec 2014,72.699997
4 Dec 2014,72.75
5 Dec 2014,73
8 Dec 2014,72.900002
9 Dec 2014,73.5
10 Dec 2014,74.5
11 Dec 2014,74.800003
12 Dec 2014,75.449997
15 Dec 2014,74.650002
16 Dec 2014,73.099998
17 Dec 2014,71.650002
18 Dec 2014,73.400002
19 Dec 2014,73.75
22 Dec 2014,74.050003
23 Dec 2014,73.550003
24 Dec 2014,75
29 Dec 2014,75.400002
30 Dec 2014,74.550003
31 Dec 2014,75.25
2 Jan 2015,74.550003
5 Jan 2015,73.300003
6 Jan 2015,73.050003
7 Jan 2015,74.150002
8 Jan 2015,75.449997
9 Jan 2015,75.050003
12 Jan 2015,76.050003
13 Jan 2015,76.300003
14 Jan 2015,76.900002
15 Jan 2015,78.400002
16 Jan 2015,77.949997
19 Jan 2015,78.949997
20 Jan 2015,78.050003
21 Jan 2015,77.800003
22 Jan 2015,77.900002
23 Jan 2015,79.900002
26 Jan 2015,80.5
27 Jan 2015,81.199997
28 Jan 2015,81.900002
29 Jan 2015,82.25
30 Jan 2015,81.300003
2 Feb 2015,81.75
3 Feb 2015,82
4 Feb 2015,82
5 Feb 2015,80.699997
6 Feb 2015,79
9 Feb 2015,79.25
10 Feb 2015,79.349998
11 Feb 2015,78.599998
12 Feb 2015,78.900002
13 Feb 2015,77.800003
16 Feb 2015,78
17 Feb 2015,78.800003
18 Feb 2015,78.349998
23 Feb 2015,78.75
24 Feb 2015,78.25
25 Feb 2015,79.400002
26 Feb 2015,79.699997
27 Feb 2015,79.800003
2 Mar 2015,77.550003
3 Mar 2015,77.199997
4 Mar 2015,76.400002
5 Mar 2015,76.650002
6 Mar 2015,76.099998
9 Mar 2015,74.699997
10 Mar 2015,75.199997
11 Mar 2015,75.300003
12 Mar 2015,74.050003
13 Mar 2015,74.050003
16 Mar 2015,74.400002
17 Mar 2015,74.949997
18 Mar 2015,74.849998
19 Mar 2015,75.199997
20 Mar 2015,75.099998
23 Mar 2015,75.75
24 Mar 2015,77.150002
25 Mar 2015,77.099998
26 Mar 2015,76.949997
27 Mar 2015,77.800003
30 Mar 2015,78.050003
31 Mar 2015,79.300003
1 Apr 2015,78.5
2 Apr 2015,77.699997
8 Apr 2015,76.900002
9 Apr 2015,77.599998
10 Apr 2015,79.849998
13 Apr 2015,79.199997
14 Apr 2015,79.650002
15 Apr 2015,79
16 Apr 2015,78.900002
17 Apr 2015,78.25
20 Apr 2015,77.150002
21 Apr 2015,77.800003
22 Apr 2015,77.199997
23 Apr 2015,77.199997
24 Apr 2015,78.199997
27 Apr 2015,78.5
28 Apr 2015,78.449997
29 Apr 2015,78.75
30 Apr 2015,78.449997
4 May 2015,79.300003
5 May 2015,78.599998
6 May 2015,78.400002
7 May 2015,78.349998
8 May 2015,78.5
11 May 2015,77.699997
12 May 2015,77.800003
13 May 2015,77.099998
14 May 2015,77.699997
15 May 2015,78.550003
18 May 2015,78.650002
19 May 2015,76.349998
20 May 2015,76.099998
21 May 2015,75.75
22 May 2015,75.699997
26 May 2015,75.25
27 May 2015,75.150002
28 May 2015,73.5
29 May 2015,74.300003
1 Jun 2015,74.599998
2 Jun 2015,73.849998
3 Jun 2015,73.5
4 Jun 2015,73.449997
5 Jun 2015,72.849998
8 Jun 2015,71.099998
9 Jun 2015,69.550003
10 Jun 2015,70.050003
11 Jun 2015,71.449997
12 Jun 2015,72.199997
15 Jun 2015,71.449997
16 Jun 2015,71.5
17 Jun 2015,71.300003
18 Jun 2015,71.800003
19 Jun 2015,73.050003
22 Jun 2015,72.849998
23 Jun 2015,73.400002
24 Jun 2015,71.849998
25 Jun 2015,72.199997
26 Jun 2015,71.25
29 Jun 2015,70.25
30 Jun 2015,70.699997
2 Jul 2015,70.050003
3 Jul 2015,70
6 Jul 2015,69.400002
7 Jul 2015,69.199997
8 Jul 2015,66.349998
9 Jul 2015,69.25
10 Jul 2015,68.849998
13 Jul 2015,69.949997
14 Jul 2015,70.599998
15 Jul 2015,69.849998
16 Jul 2015,69.949997
17 Jul 2015,70.800003
20 Jul 2015,71.150002
21 Jul 2015,70.599998
22 Jul 2015,70.550003
23 Jul 2015,71.449997
24 Jul 2015,71.400002
27 Jul 2015,70.050003
28 Jul 2015,69.900002
29 Jul 2015,70.800003
30 Jul 2015,70.849998
31 Jul 2015,73.050003
3 Aug 2015,72.949997
4 Aug 2015,73.949997
5 Aug 2015,73
6 Aug 2015,70.599998
7 Aug 2015,71.349998
10 Aug 2015,71.75
11 Aug 2015,72.099998
12 Aug 2015,72.550003
13 Aug 2015,72.5
14 Aug 2015,73.25
17 Aug 2015,72.900002
18 Aug 2015,71.849998
19 Aug 2015,71.099998
20 Aug 2015,70.5
21 Aug 2015,68.5
24 Aug 2015,65.650002
25 Aug 2015,65.400002
26 Aug 2015,66.5
27 Aug 2015,67.550003
28 Aug 2015,66.800003
31 Aug 2015,66.699997
1 Sep 2015,64.949997
2 Sep 2015,65
4 Sep 2015,66.25
7 Sep 2015,66.199997
8 Sep 2015,67.599998
9 Sep 2015,71.550003
10 Sep 2015,70.050003
11 Sep 2015,70
14 Sep 2015,69.900002
15 Sep 2015,70.75
16 Sep 2015,71.849998
17 Sep 2015,71
18 Sep 2015,72.449997
21 Sep 2015,74
22 Sep 2015,74.25
23 Sep 2015,72.800003
24 Sep 2015,74.199997
25 Sep 2015,72.849998
29 Sep 2015,71.5
30 Sep 2015,73.099998
2 Oct 2015,73
5 Oct 2015,74.25
6 Oct 2015,72.599998
7 Oct 2015,72.650002
8 Oct 2015,73.650002
9 Oct 2015,74.25
12 Oct 2015,74.199997
13 Oct 2015,75.150002
14 Oct 2015,75.25
15 Oct 2015,75.949997
16 Oct 2015,76.199997
19 Oct 2015,75.949997
20 Oct 2015,75.650002
22 Oct 2015,76.300003
23 Oct 2015,76.800003
26 Oct 2015,76.900002
27 Oct 2015,77.300003
28 Oct 2015,78.25
29 Oct 2015,77.599998
30 Oct 2015,77.349998
2 Nov 2015,76.150002
3 Nov 2015,76.300003
4 Nov 2015,76.400002
5 Nov 2015,76.099998
6 Nov 2015,75.25
9 Nov 2015,74.900002
10 Nov 2015,73.849998
11 Nov 2015,75.150002
12 Nov 2015,75
13 Nov 2015,72.849998
16 Nov 2015,72.449997
17 Nov 2015,73.25
18 Nov 2015,73.199997
19 Nov 2015,73.099998
20 Nov 2015,73.099998
23 Nov 2015,72.650002
24 Nov 2015,72.650002
25 Nov 2015,70.550003
26 Nov 2015,70.199997
27 Nov 2015,69.449997
30 Nov 2015,69.25
1 Dec 2015,69.800003
2 Dec 2015,70.050003
3 Dec 2015,69.900002
4 Dec 2015,70.300003
7 Dec 2015,69.75
8 Dec 2015,69.900002
9 Dec 2015,69.650002
10 Dec 2015,70.050003
11 Dec 2015,70
14 Dec 2015,70
15 Dec 2015,70.800003
16 Dec 2015,69.900002
17 Dec 2015,70.099998
18 Dec 2015,69.900002
21 Dec 2015,70
22 Dec 2015,69.699997
23 Dec 2015,70
24 Dec 2015,70.349998
28 Dec 2015,70.050003
29 Dec 2015,70.449997
30 Dec 2015,70.650002
31 Dec 2015,71.300003
4 Jan 2016,69.5
5 Jan 2016,69.550003
6 Jan 2016,69.900002
7 Jan 2016,69.400002
8 Jan 2016,69.5
11 Jan 2016,68
12 Jan 2016,67.199997
13 Jan 2016,68.400002
14 Jan 2016,70.449997
15 Jan 2016,70.099998
18 Jan 2016,68.800003
19 Jan 2016,68.949997
20 Jan 2016,67.050003
21 Jan 2016,66.199997
22 Jan 2016,67.400002
25 Jan 2016,68.25
26 Jan 2016,67.900002
27 Jan 2016,68.599998
28 Jan 2016,69.349998
29 Jan 2016,70.699997
1 Feb 2016,70.400002
2 Feb 2016,70.900002
3 Feb 2016,71.25
4 Feb 2016,72.449997
5 Feb 2016,72.150002
11 Feb 2016,70.800003
12 Feb 2016,72.050003
15 Feb 2016,73.150002
16 Feb 2016,72.400002
17 Feb 2016,71.800003
18 Feb 2016,73.5
19 Feb 2016,73.900002
22 Feb 2016,74.050003
23 Feb 2016,74
24 Feb 2016,74.5
25 Feb 2016,73.5
26 Feb 2016,74.949997
29 Feb 2016,73.699997
1 Mar 2016,74.25
2 Mar 2016,76
3 Mar 2016,76.300003
4 Mar 2016,76.800003
7 Mar 2016,75.75
8 Mar 2016,76.25
9 Mar 2016,75.900002
10 Mar 2016,75.449997
11 Mar 2016,76
14 Mar 2016,77.150002
15 Mar 2016,76.400002
16 Mar 2016,75.449997
17 Mar 2016,77.650002
18 Mar 2016,78.099998
21 Mar 2016,78.599998
22 Mar 2016,78.5
23 Mar 2016,78.25
24 Mar 2016,78.400002
29 Mar 2016,78
30 Mar 2016,79.199997
31 Mar 2016,79.349998
1 Apr 2016,78.199997
5 Apr 2016,78.5
6 Apr 2016,78.849998
7 Apr 2016,79.050003
8 Apr 2016,79.449997
11 Apr 2016,78.650002
12 Apr 2016,78.949997
13 Apr 2016,80.050003
14 Apr 2016,80.199997
15 Apr 2016,80.349998
18 Apr 2016,80.199997
19 Apr 2016,81
20 Apr 2016,80.150002
21 Apr 2016,80
22 Apr 2016,78.150002
25 Apr 2016,77.699997
26 Apr 2016,76.599998
27 Apr 2016,75.199997
28 Apr 2016,74.5
29 Apr 2016,73.949997
3 May 2016,74.800003
4 May 2016,76
5 May 2016,76.650002
6 May 2016,76.449997
9 May 2016,76.449997
10 May 2016,77.550003
11 May 2016,76.949997
12 May 2016,74.900002
13 May 2016,75.449997
16 May 2016,75.400002
17 May 2016,73.150002
18 May 2016,73.199997
19 May 2016,73.900002
20 May 2016,75.300003
23 May 2016,76.400002
24 May 2016,76.099998
25 May 2016,76.550003
26 May 2016,76.150002
27 May 2016,76.699997
30 May 2016,75.699997
31 May 2016,75.349998
1 Jun 2016,74.849998
2 Jun 2016,74.699997
3 Jun 2016,75.5
6 Jun 2016,76.550003
7 Jun 2016,77.050003
8 Jun 2016,77.5
10 Jun 2016,77.449997
13 Jun 2016,75.900002
14 Jun 2016,74.150002
15 Jun 2016,73.349998
16 Jun 2016,71.150002
17 Jun 2016,70.849998
20 Jun 2016,73.849998
21 Jun 2016,73.300003
22 Jun 2016,73.150002
23 Jun 2016,73.5
24 Jun 2016,70
27 Jun 2016,68.150002
28 Jun 2016,67.650002
29 Jun 2016,68.599998
30 Jun 2016,71.050003
4 Jul 2016,71.699997
5 Jul 2016,70.5
6 Jul 2016,70.599998
7 Jul 2016,71
8 Jul 2016,70.449997
11 Jul 2016,70.449997
12 Jul 2016,71.300003
13 Jul 2016,72.150002
14 Jul 2016,72.400002
15 Jul 2016,72.400002
18 Jul 2016,73
19 Jul 2016,73.199997
20 Jul 2016,73.300003
21 Jul 2016,74.849998
22 Jul 2016,75.25
25 Jul 2016,74.650002
26 Jul 2016,75.550003
27 Jul 2016,75.300003
28 Jul 2016,75.050003
29 Jul 2016,75.949997
1 Aug 2016,77.900002
2 Aug 2016,77.900002
3 Aug 2016,77
4 Aug 2016,76.75
5 Aug 2016,76.75
8 Aug 2016,77.400002
9 Aug 2016,76.75
10 Aug 2016,77.650002
11 Aug 2016,77
12 Aug 2016,77.449997
15 Aug 2016,77.400002
16 Aug 2016,77.150002
17 Aug 2016,76.5
18 Aug 2016,76.449997
19 Aug 2016,77
22 Aug 2016,76.949997
23 Aug 2016,76.849998
24 Aug 2016,76.300003
25 Aug 2016,76.449997
26 Aug 2016,75.400002
29 Aug 2016,74.699997
30 Aug 2016,74.75
31 Aug 2016,74.199997
1 Sep 2016,75.050003
2 Sep 2016,75.550003
5 Sep 2016,76.099998
6 Sep 2016,75.800003
7 Sep 2016,76.449997
8 Sep 2016,76.650002
9 Sep 2016,76.699997
12 Sep 2016,75.5
13 Sep 2016,74.800003
14 Sep 2016,74.849998
15 Sep 2016,75.400002
19 Sep 2016,75.800003
20 Sep 2016,76.150002
21 Sep 2016,76.349998
22 Sep 2016,76.800003
23 Sep 2016,76.849998
26 Sep 2016,76.949997
27 Sep 2016,76.75
28 Sep 2016,77.199997
29 Sep 2016,77.349998
30 Sep 2016,75.599998
3 Oct 2016,76.099998
4 Oct 2016,75.699997
5 Oct 2016,74.75
6 Oct 2016,74.599998
7 Oct 2016,73.199997
11 Oct 2016,71.449997
12 Oct 2016,71.5
13 Oct 2016,71.400002
14 Oct 2016,72
17 Oct 2016,71.900002
18 Oct 2016,72.050003
19 Oct 2016,71.699997
20 Oct 2016,72
21 Oct 2016,72
24 Oct 2016,73.349998
25 Oct 2016,73.150002
26 Oct 2016,72.949997
27 Oct 2016,72.849998
28 Oct 2016,72.800003
31 Oct 2016,72.949997
1 Nov 2016,74.300003
2 Nov 2016,73.800003
3 Nov 2016,73.050003
4 Nov 2016,73.650002
7 Nov 2016,74.25
8 Nov 2016,74.300003
9 Nov 2016,73.199997
10 Nov 2016,73.75
11 Nov 2016,72.349998
14 Nov 2016,72.050003
15 Nov 2016,72.400002
16 Nov 2016,72
17 Nov 2016,72.349998
18 Nov 2016,72.699997
21 Nov 2016,72.400002
22 Nov 2016,73
23 Nov 2016,73.150002
24 Nov 2016,72.900002
25 Nov 2016,72.949997
28 Nov 2016,73.099998
29 Nov 2016,73.150002
30 Nov 2016,74
1 Dec 2016,73
2 Dec 2016,71.699997
5 Dec 2016,72
6 Dec 2016,72.699997
7 Dec 2016,72.349998
8 Dec 2016,72.550003
9 Dec 2016,72.150002
12 Dec 2016,71.75
13 Dec 2016,71.699997
14 Dec 2016,70.849998
15 Dec 2016,69.900002
16 Dec 2016,69
19 Dec 2016,68.349998
20 Dec 2016,68.800003
21 Dec 2016,68.699997
22 Dec 2016,68.349998
23 Dec 2016,68.150002
28 Dec 2016,68.050003
29 Dec 2016,67.949997
30 Dec 2016,68.349998
3 Jan 2017,68.949997
4 Jan 2017,68.699997
5 Jan 2017,68.5
6 Jan 2017,69
9 Jan 2017,70
10 Jan 2017,71.050003
11 Jan 2017,71.099998
12 Jan 2017,70.050003
13 Jan 2017,70.550003
16 Jan 2017,72.5
17 Jan 2017,72.800003
18 Jan 2017,73.050003
19 Jan 2017,72.150002
20 Jan 2017,71.800003
23 Jan 2017,71.849998
24 Jan 2017,71.400002
25 Jan 2017,72.199997
26 Jan 2017,72.5
27 Jan 2017,74.550003
1 Feb 2017,75.699997
2 Feb 2017,74.800003
3 Feb 2017,75.199997
6 Feb 2017,75.25
7 Feb 2017,75.800003
8 Feb 2017,76.449997
9 Feb 2017,75.550003
10 Feb 2017,76.5
13 Feb 2017,76.800003
14 Feb 2017,70.650002
15 Feb 2017,70.400002
16 Feb 2017,69.900002
17 Feb 2017,69.800003
20 Feb 2017,69.099998
21 Feb 2017,69.599998
22 Feb 2017,70
23 Feb 2017,69.550003
24 Feb 2017,69.75
27 Feb 2017,69.849998
28 Feb 2017,69.650002
1 Mar 2017,69.699997
2 Mar 2017,69.150002
3 Mar 2017,69
6 Mar 2017,68.75
7 Mar 2017,68.449997
8 Mar 2017,68.5
9 Mar 2017,67.699997
10 Mar 2017,67.699997
13 Mar 2017,67.599998
14 Mar 2017,67.550003
15 Mar 2017,67.400002
16 Mar 2017,67.900002
17 Mar 2017,68.199997
20 Mar 2017,68.25
21 Mar 2017,68.099998
22 Mar 2017,67
23 Mar 2017,66.949997
24 Mar 2017,67.199997
27 Mar 2017,67
28 Mar 2017,67.199997
29 Mar 2017,67.150002
30 Mar 2017,66.900002
31 Mar 2017,67
3 Apr 2017,66.75
5 Apr 2017,68.199997
6 Apr 2017,68.849998
7 Apr 2017,68.75
10 Apr 2017,68.800003
11 Apr 2017,68.349998
12 Apr 2017,68.699997
13 Apr 2017,68.5
18 Apr 2017,68
19 Apr 2017,67.900002
20 Apr 2017,68.199997
21 Apr 2017,67.5
24 Apr 2017,69.599998
25 Apr 2017,69.349998
26 Apr 2017,69.449997
27 Apr 2017,69.599998
28 Apr 2017,70
2 May 2017,70.050003
4 May 2017,70.650002
5 May 2017,70.900002
8 May 2017,71.199997
9 May 2017,71.75
10 May 2017,71.550003
11 May 2017,71.400002
12 May 2017,71.150002
15 May 2017,69.400002
16 May 2017,69.5
17 May 2017,69.25
18 May 2017,69.5
19 May 2017,69.300003
22 May 2017,69.099998
23 May 2017,69.150002
24 May 2017,69.400002
25 May 2017,69.449997
26 May 2017,69.449997
29 May 2017,69.400002
31 May 2017,69.800003
1 Jun 2017,70.75
2 Jun 2017,71.300003
5 Jun 2017,71.150002
6 Jun 2017,71.300003
7 Jun 2017,70.900002
8 Jun 2017,71.199997
9 Jun 2017,70.449997
12 Jun 2017,69.800003
13 Jun 2017,69.900002
14 Jun 2017,70.050003
15 Jun 2017,70.050003
16 Jun 2017,70
19 Jun 2017,70.5
20 Jun 2017,70.550003
21 Jun 2017,70.150002
22 Jun 2017,70.400002
23 Jun 2017,70.550003
26 Jun 2017,70.449997
27 Jun 2017,70.550003
28 Jun 2017,69.900002
29 Jun 2017,69.400002
30 Jun 2017,68.949997
3 Jul 2017,68.199997
4 Jul 2017,67.900002
5 Jul 2017,68.349998
6 Jul 2017,68.25
7 Jul 2017,68
10 Jul 2017,68.150002
11 Jul 2017,68.550003
12 Jul 2017,68.5
13 Jul 2017,68.849998
14 Jul 2017,68.5
17 Jul 2017,68.599998
18 Jul 2017,68.900002
19 Jul 2017,68.449997
20 Jul 2017,68.199997
21 Jul 2017,75.400002
24 Jul 2017,77.349998
25 Jul 2017,76.949997
26 Jul 2017,76.900002
27 Jul 2017,77.099998
28 Jul 2017,77.199997
31 Jul 2017,77.400002
1 Aug 2017,77.949997
2 Aug 2017,77.900002
3 Aug 2017,77.5
4 Aug 2017,77.550003
7 Aug 2017,78.599998
8 Aug 2017,78.75
9 Aug 2017,78.400002
10 Aug 2017,78.099998
11 Aug 2017,78.099998
14 Aug 2017,78.449997
15 Aug 2017,77.900002
16 Aug 2017,78.25
17 Aug 2017,78.25
18 Aug 2017,68
21 Aug 2017,68.050003
22 Aug 2017,67.800003
23 Aug 2017,67.800003
24 Aug 2017,68.25
25 Aug 2017,67.75
28 Aug 2017,67.699997
29 Aug 2017,68
30 Aug 2017,68.400002
31 Aug 2017,69
1 Sep 2017,68.849998
4 Sep 2017,68.300003
5 Sep 2017,68.400002
6 Sep 2017,68.449997
7 Sep 2017,68.449997
8 Sep 2017,68.400002
11 Sep 2017,68.550003
12 Sep 2017,68.150002
13 Sep 2017,68
14 Sep 2017,67.699997
15 Sep 2017,67.349998
18 Sep 2017,67.550003
19 Sep 2017,67.550003
20 Sep 2017,67.900002
21 Sep 2017,67.849998
22 Sep 2017,67.449997
25 Sep 2017,67.400002
26 Sep 2017,67.400002
27 Sep 2017,67.400002
28 Sep 2017,67.5
29 Sep 2017,67.650002
3 Oct 2017,67.75
4 Oct 2017,68
6 Oct 2017,68.199997
9 Oct 2017,67.900002
10 Oct 2017,67.849998
11 Oct 2017,67.949997
12 Oct 2017,67.849998
13 Oct 2017,68.349998
16 Oct 2017,68.599998
17 Oct 2017,68.5
18 Oct 2017,68.099998
19 Oct 2017,67.550003
20 Oct 2017,67.800003
23 Oct 2017,67.650002
24 Oct 2017,67.800003
25 Oct 2017,67.800003
26 Oct 2017,67.599998
27 Oct 2017,67.650002
30 Oct 2017,67.599998
31 Oct 2017,67.599998
1 Nov 2017,67.400002
2 Nov 2017,67.150002
3 Nov 2017,67.5
6 Nov 2017,67.25
7 Nov 2017,67.449997
8 Nov 2017,67.599998
9 Nov 2017,67.400002
10 Nov 2017,67.150002
13 Nov 2017,66.800003
14 Nov 2017,66.800003
15 Nov 2017,67
16 Nov 2017,66.5
17 Nov 2017,66.5
20 Nov 2017,66.699997
21 Nov 2017,66.599998
22 Nov 2017,66.449997
23 Nov 2017,66.900002
24 Nov 2017,66.900002
27 Nov 2017,66.900002
28 Nov 2017,67.150002
29 Nov 2017,67
30 Nov 2017,66.699997
1 Dec 2017,66.800003
4 Dec 2017,67
5 Dec 2017,67
6 Dec 2017,66.599998
7 Dec 2017,67
8 Dec 2017,66.199997
11 Dec 2017,65.949997
12 Dec 2017,66
13 Dec 2017,66.099998
14 Dec 2017,65.550003
15 Dec 2017,65.300003
18 Dec 2017,65.25
19 Dec 2017,65.25
20 Dec 2017,65.300003
21 Dec 2017,65.300003
22 Dec 2017,65.650002
27 Dec 2017,65.849998
28 Dec 2017,66
29 Dec 2017,65.949997
2 Jan 2018,66.099998
3 Jan 2018,66.599998
4 Jan 2018,66.550003
5 Jan 2018,66.550003
8 Jan 2018,66.75
9 Jan 2018,67
10 Jan 2018,66.550003
11 Jan 2018,66.150002
12 Jan 2018,66.099998
15 Jan 2018,66.300003
16 Jan 2018,66.300003
17 Jan 2018,66
18 Jan 2018,66.599998
19 Jan 2018,66.849998
22 Jan 2018,66.550003
23 Jan 2018,66.5
24 Jan 2018,66.5
25 Jan 2018,66.949997
26 Jan 2018,67.449997
29 Jan 2018,67.5
30 Jan 2018,68.5
31 Jan 2018,69.550003
1 Feb 2018,68.599998
2 Feb 2018,69.150002
5 Feb 2018,67.900002
6 Feb 2018,66.300003
7 Feb 2018,65.800003
8 Feb 2018,65.949997
9 Feb 2018,65.25
12 Feb 2018,64.75
13 Feb 2018,64.199997
14 Feb 2018,65.849998
15 Feb 2018,66.099998
20 Feb 2018,65.650002
21 Feb 2018,65.550003
22 Feb 2018,65.400002
23 Feb 2018,65.699997
26 Feb 2018,67.199997
27 Feb 2018,66.849998
28 Feb 2018,66.550003
1 Mar 2018,67.150002
2 Mar 2018,68.349998
5 Mar 2018,66.699997
6 Mar 2018,67.75
7 Mar 2018,67
8 Mar 2018,68.199997
9 Mar 2018,68.199997
12 Mar 2018,68.800003
13 Mar 2018,68.599998
14 Mar 2018,69.150002
15 Mar 2018,68.949997
16 Mar 2018,71.199997
19 Mar 2018,69.75
20 Mar 2018,69.599998
21 Mar 2018,69.650002
22 Mar 2018,70.050003
23 Mar 2018,70.300003
26 Mar 2018,70.300003
27 Mar 2018,70.349998
28 Mar 2018,69.900002
29 Mar 2018,69.949997
3 Apr 2018,62
4 Apr 2018,61
6 Apr 2018,60.75
9 Apr 2018,60.849998
10 Apr 2018,60.450001
11 Apr 2018,59.200001
12 Apr 2018,59.150002
13 Apr 2018,59.049999
16 Apr 2018,59.150002
17 Apr 2018,59.099998
18 Apr 2018,58.950001
19 Apr 2018,59.25
20 Apr 2018,58.950001
23 Apr 2018,58.849998
24 Apr 2018,58.650002
25 Apr 2018,57.900002
26 Apr 2018,58.150002
27 Apr 2018,58.200001
30 Apr 2018,58.450001
2 May 2018,58.200001
3 May 2018,58.049999
4 May 2018,58.099998
7 May 2018,58.200001
8 May 2018,58.450001
9 May 2018,59.200001
10 May 2018,58.849998
11 May 2018,59.349998
14 May 2018,56.700001
15 May 2018,55.900002
16 May 2018,55.349998
17 May 2018,54.5
18 May 2018,54.700001
21 May 2018,55.200001
23 May 2018,54.700001
24 May 2018,54.799999
25 May 2018,54.900002
28 May 2018,55
29 May 2018,54.599998
30 May 2018,54.099998
31 May 2018,54.549999
1 Jun 2018,54.75
4 Jun 2018,54.849998
5 Jun 2018,54.700001
6 Jun 2018,55.25
7 Jun 2018,55.950001
8 Jun 2018,55.450001
11 Jun 2018,55.5
12 Jun 2018,55.799999
13 Jun 2018,55.950001
14 Jun 2018,55.299999
15 Jun 2018,55.400002
19 Jun 2018,54.700001
20 Jun 2018,54.950001
21 Jun 2018,54.299999
22 Jun 2018,54.599998
25 Jun 2018,54.700001
26 Jun 2018,55.400002
27 Jun 2018,54.25
28 Jun 2018,54.900002
29 Jun 2018,54.849998
3 Jul 2018,55.349998
4 Jul 2018,56.200001
5 Jul 2018,56.549999
6 Jul 2018,56.650002
9 Jul 2018,57.650002
10 Jul 2018,57.799999
11 Jul 2018,57.400002
12 Jul 2018,57.450001
13 Jul 2018,57.700001
16 Jul 2018,57.799999
17 Jul 2018,57.549999
18 Jul 2018,57.5
19 Jul 2018,57.299999
20 Jul 2018,57.450001
23 Jul 2018,57.299999
24 Jul 2018,57.400002
25 Jul 2018,57.200001
26 Jul 2018,57.099998
27 Jul 2018,56.200001
30 Jul 2018,55.950001
31 Jul 2018,55.549999
1 Aug 2018,55.099998
2 Aug 2018,54.900002
3 Aug 2018,55.200001
6 Aug 2018,55.950001
7 Aug 2018,56.25
8 Aug 2018,56.25
9 Aug 2018,55.950001
10 Aug 2018,55.950001
13 Aug 2018,55.200001
14 Aug 2018,56.200001
15 Aug 2018,56.450001
16 Aug 2018,56.700001
17 Aug 2018,56.849998
20 Aug 2018,57.75
21 Aug 2018,56.900002
22 Aug 2018,56.400002
23 Aug 2018,56.299999
24 Aug 2018,55.200001
27 Aug 2018,55.450001
28 Aug 2018,55.150002
29 Aug 2018,55.400002
30 Aug 2018,55.150002
31 Aug 2018,55.049999
3 Sep 2018,55.099998
4 Sep 2018,55.150002
5 Sep 2018,54.900002
6 Sep 2018,55
7 Sep 2018,55.25
10 Sep 2018,54.950001
11 Sep 2018,55.299999
12 Sep 2018,55.549999
13 Sep 2018,56
14 Sep 2018,56.799999
17 Sep 2018,56.299999
18 Sep 2018,56.200001
19 Sep 2018,55.950001
20 Sep 2018,55.299999
21 Sep 2018,55.25
24 Sep 2018,55
26 Sep 2018,55.049999
27 Sep 2018,54.950001
28 Sep 2018,54.5
2 Oct 2018,54
3 Oct 2018,54.400002
4 Oct 2018,53.849998
5 Oct 2018,53.5
8 Oct 2018,53.25
9 Oct 2018,53.599998
10 Oct 2018,54.150002
11 Oct 2018,53.299999
12 Oct 2018,53.099998
15 Oct 2018,52.549999
16 Oct 2018,52.900002
18 Oct 2018,53
19 Oct 2018,53
22 Oct 2018,53.450001
23 Oct 2018,52.5
24 Oct 2018,52.799999
25 Oct 2018,52.549999
26 Oct 2018,51.799999
29 Oct 2018,52.200001
30 Oct 2018,51.700001
31 Oct 2018,52.349998
1 Nov 2018,51.650002
2 Nov 2018,53.049999
5 Nov 2018,52.200001
6 Nov 2018,52.650002
7 Nov 2018,52.549999
8 Nov 2018,52.849998
9 Nov 2018,52.299999
12 Nov 2018,52.650002
13 Nov 2018,53
14 Nov 2018,53.049999
15 Nov 2018,53.700001
16 Nov 2018,53.549999
19 Nov 2018,53.799999
20 Nov 2018,53.5
21 Nov 2018,53.200001
22 Nov 2018,53.650002
23 Nov 2018,53.599998
26 Nov 2018,54.400002
27 Nov 2018,53.900002
28 Nov 2018,54.549999
29 Nov 2018,53.450001
30 Nov 2018,53
3 Dec 2018,52.900002
4 Dec 2018,52.700001
5 Dec 2018,52.549999
6 Dec 2018,52.700001
7 Dec 2018,53.200001
10 Dec 2018,53.049999
11 Dec 2018,52.950001
12 Dec 2018,53.950001
13 Dec 2018,54.200001
14 Dec 2018,54.299999
17 Dec 2018,54.900002
18 Dec 2018,54.450001
19 Dec 2018,54.349998
20 Dec 2018,54.349998
21 Dec 2018,54.25
24 Dec 2018,54.849998
27 Dec 2018,54.549999
28 Dec 2018,54.200001
31 Dec 2018,54.5
2 Jan 2019,53.5
3 Jan 2019,53.75
4 Jan 2019,54.849998
7 Jan 2019,54.849998
8 Jan 2019,55
9 Jan 2019,55.549999
10 Jan 2019,54.400002
11 Jan 2019,54.650002
14 Jan 2019,54.099998
15 Jan 2019,54.25
16 Jan 2019,54.450001
17 Jan 2019,54.099998
18 Jan 2019,54.299999
21 Jan 2019,54.25
22 Jan 2019,53.799999
23 Jan 2019,53.799999
24 Jan 2019,53.650002
25 Jan 2019,53.650002
28 Jan 2019,53.5
29 Jan 2019,52.950001
30 Jan 2019,52.799999
31 Jan 2019,52.75
1 Feb 2019,52.5
4 Feb 2019,52.349998
8 Feb 2019,52.450001
11 Feb 2019,52.950001
12 Feb 2019,53.349998
13 Feb 2019,53.349998
14 Feb 2019,53.349998
15 Feb 2019,53.049999
18 Feb 2019,53.200001
19 Feb 2019,53.200001
20 Feb 2019,53.200001
21 Feb 2019,53.200001
22 Feb 2019,53.900002
25 Feb 2019,53.650002
26 Feb 2019,54.25
27 Feb 2019,54.450001
28 Feb 2019,54.5
1 Mar 2019,54.25
4 Mar 2019,54.200001
5 Mar 2019,54.150002
6 Mar 2019,54.049999
7 Mar 2019,54.200001
8 Mar 2019,54
11 Mar 2019,54.549999
12 Mar 2019,54.900002
13 Mar 2019,54.650002
14 Mar 2019,54.75
15 Mar 2019,55.099998
18 Mar 2019,55.150002
19 Mar 2019,54.650002
20 Mar 2019,54.450001
21 Mar 2019,53.650002
22 Mar 2019,53.900002
25 Mar 2019,53.75
26 Mar 2019,53.900002
27 Mar 2019,53.75
28 Mar 2019,53.950001
29 Mar 2019,54.450001
1 Apr 2019,54.599998
2 Apr 2019,54.299999
3 Apr 2019,54.5
4 Apr 2019,54.400002
8 Apr 2019,54.400002
9 Apr 2019,54.299999
10 Apr 2019,54.200001
11 Apr 2019,54.200001
12 Apr 2019,54.25
15 Apr 2019,54.200001
16 Apr 2019,54.25
17 Apr 2019,54.25
18 Apr 2019,54.5
23 Apr 2019,54.549999
24 Apr 2019,54.599998
25 Apr 2019,54.75
26 Apr 2019,54.950001
29 Apr 2019,55
30 Apr 2019,54.700001
2 May 2019,54.900002
3 May 2019,55.099998
6 May 2019,54.700001
7 May 2019,55.200001
8 May 2019,55.049999
9 May 2019,55.200001
10 May 2019,55.75
14 May 2019,56.450001
15 May 2019,56.099998
16 May 2019,55.950001
17 May 2019,55.900002
20 May 2019,54.049999
21 May 2019,53.75
22 May 2019,53.799999
23 May 2019,54.200001
24 May 2019,54.349998
27 May 2019,54.25
28 May 2019,54.25
29 May 2019,54.349998
30 May 2019,54.150002
31 May 2019,54.200001
3 Jun 2019,54.349998
4 Jun 2019,54.349998
5 Jun 2019,54.549999
6 Jun 2019,55.099998
10 Jun 2019,55.900002
11 Jun 2019,55.950001
12 Jun 2019,55.849998
13 Jun 2019,56.099998
14 Jun 2019,56.200001
17 Jun 2019,56.5
18 Jun 2019,56.5
19 Jun 2019,57
20 Jun 2019,56.950001
21 Jun 2019,56.900002
24 Jun 2019,56.400002
25 Jun 2019,56.400002
26 Jun 2019,56.450001
27 Jun 2019,56.599998
28 Jun 2019,56.200001
2 Jul 2019,57.400002
3 Jul 2019,57.25
4 Jul 2019,57.5
5 Jul 2019,57.5
8 Jul 2019,57.049999
9 Jul 2019,56.849998
10 Jul 2019,57.5
11 Jul 2019,58
12 Jul 2019,57.700001
15 Jul 2019,57.75
16 Jul 2019,57.549999
17 Jul 2019,57.849998
18 Jul 2019,57.5
19 Jul 2019,58.349998
22 Jul 2019,57.450001
23 Jul 2019,57.950001
24 Jul 2019,57.950001
25 Jul 2019,57.700001
26 Jul 2019,57.25
29 Jul 2019,57.450001
30 Jul 2019,57.099998
31 Jul 2019,56.150002
1 Aug 2019,55.099998
2 Aug 2019,54.849998
5 Aug 2019,54.549999
6 Aug 2019,54.400002
7 Aug 2019,54.950001
8 Aug 2019,55.25
9 Aug 2019,55.049999
12 Aug 2019,54.700001
13 Aug 2019,53.700001
14 Aug 2019,52.849998
15 Aug 2019,53.25
16 Aug 2019,54.099998
19 Aug 2019,54.5
20 Aug 2019,54.5
21 Aug 2019,54.349998
22 Aug 2019,54.049999
23 Aug 2019,54.400002
26 Aug 2019,53.299999
27 Aug 2019,53.5
28 Aug 2019,53.700001
29 Aug 2019,53.450001
30 Aug 2019,52.200001
2 Sep 2019,51.549999
3 Sep 2019,51.200001
4 Sep 2019,52.549999
5 Sep 2019,52.299999
6 Sep 2019,52.299999
9 Sep 2019,52.650002
10 Sep 2019,52.700001
11 Sep 2019,52.950001
12 Sep 2019,53.150002
13 Sep 2019,53.400002
16 Sep 2019,53.450001
17 Sep 2019,52.900002
18 Sep 2019,52.900002
19 Sep 2019,52.799999
20 Sep 2019,52.950001
23 Sep 2019,52.599998
24 Sep 2019,52.75
25 Sep 2019,52.799999
26 Sep 2019,52.599998
27 Sep 2019,52.099998
30 Sep 2019,52.650002
2 Oct 2019,53.200001
3 Oct 2019,53.700001
4 Oct 2019,53.150002
8 Oct 2019,52.700001
9 Oct 2019,52.5
10 Oct 2019,52.900002
11 Oct 2019,54
14 Oct 2019,54.25
15 Oct 2019,54.400002
16 Oct 2019,54.799999
17 Oct 2019,54.75
18 Oct 2019,54.450001
21 Oct 2019,54.650002
22 Oct 2019,54.799999
23 Oct 2019,54.150002
24 Oct 2019,54.349998
25 Oct 2019,54.75
28 Oct 2019,55.400002
29 Oct 2019,55.400002
30 Oct 2019,55.849998
31 Oct 2019,55.950001
1 Nov 2019,56.25
4 Nov 2019,56.599998
5 Nov 2019,56.5
6 Nov 2019,56.349998
7 Nov 2019,56.700001
8 Nov 2019,56.150002
11 Nov 2019,55.5
